v2_latent_discrepancy_timesteps,v2_latent_discrepancy_score,v2_latent_discrepancy_score_mean,v3_latent_plus_clamped_eme_timesteps,v3_latent_plus_clamped_eme_score,v3_latent_plus_clamped_eme_score_mean,v4_latent_plus_normalised_eme_timesteps,v4_latent_plus_normalised_eme_score,v4_latent_plus_normalised_eme_score_mean
12288.0,1.0,1.0,12288.0,1.0,1.0,12288.0,1.0576210984339316,1.0576210984339316
24576.0,1.0,1.0,24576.0,1.0,1.0,24576.0,2.0433395548413196,1.5504803266376257
36864.0,1.0,1.0,36864.0,1.0,1.0,36864.0,0.22460145697308084,1.1085207034161109
49152.0,1.0,1.0,49152.0,1.0,1.0,49152.0,1.3131585052857797,1.159680153883528
61440.0,1.0,1.0,61440.0,1.0,1.0,61440.0,0.7272300251449147,1.0731901281358054
73728.0,1.0,1.0,73728.0,1.0,1.0,73728.0,1.4906614782909553,1.142768686494997
86016.0,1.0,1.0,86016.0,1.0,1.0,86016.0,1.8105721697211266,1.23816918409873
98304.0,1.0,1.0,98304.0,1.0,1.0,98304.0,1.1514856405556202,1.2273337411558412
110592.0,1.0,1.0,110592.0,1.0,1.0,110592.0,0.9722558955351511,1.1989917583090977
122880.0,1.0,1.0,122880.0,1.0,1.0,122880.0,1.8916285820305347,1.2682554406812414
135168.0,1.0,1.0,135168.0,1.0,1.0,135168.0,1.5521272663027048,1.317706057468119
147456.0,1.0,1.0,147456.0,1.0,1.0,147456.0,1.2819423607240121,1.241566338056388
159744.0,1.0,1.0,159744.0,1.0,1.0,159744.0,1.7292151593913634,1.3920277082982162
172032.0,1.0,1.0,172032.0,1.0,1.0,172032.0,0.6231684271867076,1.3230287004883092
184320.0,1.0,1.0,184320.0,1.0,1.0,184320.0,1.819801344225804,1.4322858323963978
196608.0,1.0,1.0,196608.0,1.8099167421460152,1.0809916742146015,196608.0,0.849511144682765,1.3681707990355787
208896.0,1.0,1.0,208896.0,1.0,1.0809916742146015,208896.0,2.029825991640488,1.390096181227515
221184.0,1.0,1.0,221184.0,1.0,1.0809916742146015,221184.0,0.7204601240033904,1.346993629572292
233472.0,1.0,1.0,233472.0,1.0,1.0809916742146015,233472.0,1.6915065720677376,1.4189186972255508
245760.0,1.0,1.0,245760.0,1.1438192973534267,1.0953736039499442,245760.0,0.5062137280280391,1.2803772118253014
258048.0,1.0,1.0,258048.0,1.2728539798408747,1.1226590019340317,258048.0,1.3584898648162682,1.2610134716766577
270336.0,1.0,1.0,270336.0,1.0,1.1226590019340317,270336.0,0.16642583689341942,1.1494618192935984
282624.0,1.0,1.0,282624.0,1.0,1.1226590019340317,282624.0,1.0169042081882556,1.0782307241732876
294912.0,1.0,1.0,294912.0,2.820828288793564,1.3047418308133882,294912.0,0.9025741256773472,1.1061712940223516
307200.0,1.0,1.0,307200.0,1.0,1.3047418308133882,307200.0,1.2155758167306583,1.0457487412728368
319488.0,1.0,1.0,319488.0,1.0,1.2237501565987867,319488.0,0.3724416835854451,0.9980417951631047
331776.0,1.0,1.0,331776.0,1.0,1.2237501565987867,331776.0,1.6903535636762779,0.9640945523666838
344064.0,1.0,1.0,344064.0,1.0,1.2237501565987867,344064.0,0.8062299316128095,0.9726715331276259
356352.0,1.0,1.0,356352.0,1.0,1.2237501565987867,356352.0,0.4684379060442249,0.8503646665252745
368640.0,1.0,1.0,368640.0,1.0,1.2093682268634438,368640.0,1.2376737544933956,0.9235106691718101
380928.0,1.0,1.0,380928.0,1.0,1.1820828288793563,380928.0,0.5616462441782156,0.843826307108005
393216.0,1.0,1.0,393216.0,1.0,1.1820828288793563,393216.0,0.06676265777787194,0.8338599891964502
405504.0,1.0,1.0,405504.0,1.0,1.1820828288793563,405504.0,0.030835093416195985,0.7352530777192443
417792.0,1.0,1.0,417792.0,1.0,1.0,417792.0,0.00038858264497321215,0.6450345234160069
430080.0,1.0,1.0,430080.0,1.0,1.0,430080.0,0.1657772675001373,0.5400546684929547
442368.0,1.0,1.0,442368.0,1.0,1.0,442368.0,0.1010044632324328,0.5129109464576534
454656.0,1.0,1.0,454656.0,1.0,1.0,454656.0,0.00017363894179804143,0.3438929539842055
466944.0,1.0,1.0,466944.0,1.0,1.0,466944.0,6.361407618745336e-05,0.2632763222305433
479232.0,1.0,1.0,479232.0,1.0,1.0,479232.0,0.0002038328677069027,0.21645291491289148
491520.0,1.0,1.0,491520.0,1.0,1.0,491520.0,0.000685052676393146,0.09275404473119124
503808.0,1.0,1.0,503808.0,1.0,1.0,503808.0,0.00258845017318284,0.036848265330687954
516096.0,1.0,1.0,516096.0,1.0,1.0,516096.0,0.008061454270015625,0.030978144979902332
528384.0,1.0,1.0,528384.0,1.0,1.0,528384.0,0.025117937436637778,0.030406429381946515
540672.0,1.0,1.0,540672.0,1.0,1.0,540672.0,0.07584592862986028,0.037952163980435216
552960.0,1.0,1.0,552960.0,1.0,1.0,552960.0,0.20523812202736735,0.041898249433158216
565248.0,1.0,1.0,565248.0,1.0,1.0,565248.0,0.7733954175685843,0.10913734486677337
577536.0,1.0,1.0,577536.0,1.0,1.0,577536.0,0.6880181391413013,0.1779217948867237
589824.0,1.0,1.0,589824.0,1.0,1.0,589824.0,0.618689127266407,0.23978434620574568
602112.0,1.0,1.0,602112.0,1.0,1.0,602112.0,1.1068266176929076,0.3504466246882657
614400.0,1.0,1.0,614400.0,1.0,1.0,614400.0,0.5609559454023838,0.40647371396086485
626688.0,1.0,1.0,626688.0,1.0,1.0,626688.0,0.9872515120853981,0.5049400201520863
638976.0,1.0,1.0,638976.0,1.0,1.0,638976.0,1.358632169663906,0.6399970916914753
651264.0,1.0,1.0,651264.0,1.0,1.0,651264.0,1.0402676456918318,0.7415120625169948
663552.0,1.0,1.0,663552.0,1.0,1.0,663552.0,1.1547127726177375,0.8493987469157824
675840.0,1.0,1.0,675840.0,1.0,1.0,675840.0,1.4890845157206059,0.9777833862851063
688128.0,1.0,1.0,688128.0,1.0,1.0,688128.0,1.792939053227504,1.0797377498509984
700416.0,1.0,1.0,700416.0,1.0,1.0,700416.0,0.985134062046806,1.109449342141549
712704.0,1.0,1.0,712704.0,1.0,1.0,712704.0,0.07851239060983062,1.055431668475891
724992.0,1.0,1.0,724992.0,1.0,1.0,724992.0,0.9612821384022633,1.0408772205468266
737280.0,1.0,1.0,737280.0,1.0,1.0,737280.0,2.6812297167877355,1.2529045976853619
749568.0,1.0,1.0,749568.0,1.0,1.0,749568.0,0.1074693804839626,1.1649263845252182
761856.0,1.0,1.0,761856.0,1.0,1.0,761856.0,7.096606814608701e-05,1.0290702641656422
774144.0,1.0,1.0,774144.0,1.0,1.0,774144.0,3.0151018984754994e-09,0.9250434998979692
786432.0,1.0,1.0,786432.0,1.0,1.0,786432.0,9.886340400847016e-11,0.8095722226460819
798720.0,1.0,1.0,798720.0,1.0,1.0,798720.0,5.427499736549813e-14,0.6606637710740266
811008.0,1.0,1.0,811008.0,1.0,1.0,811008.0,4.658883434603179e-15,0.4813698657512768
823296.0,1.0,1.0,823296.0,1.0,1.0,823296.0,1.5867651959087887e-16,0.3828564595465962
835584.0,1.0,1.0,835584.0,1.0,1.0,835584.0,5.918467595756458e-18,0.37500522048561313
847872.0,1.0,1.0,847872.0,1.0,1.0,847872.0,1.3373290253129021e-17,0.27887700664538684
860160.0,1.0,1.0,860160.0,1.0,1.0,860160.0,4.816851245215035e-17,0.010754034966613315
872448.0,1.0,1.0,872448.0,1.0,1.0,872448.0,5.750476862839741e-26,7.096918217054951e-06
884736.0,1.0,1.0,884736.0,1.0,1.0,884736.0,2.460587575047258e-28,3.1140244625015597e-10
897024.0,1.0,1.0,897024.0,1.0,1.0,897024.0,1.4254241013788104e-31,9.892256402606022e-12
909312.0,1.0,1.0,909312.0,1.0,1.0,909312.0,6.804642856359134e-33,5.916001759005097e-15
921600.0,1.0,1.0,921600.0,1.0,1.0,921600.0,3.9633150183918637e-35,4.885020224552844e-16
933888.0,1.0,1.0,933888.0,1.0,1.0,933888.0,0.0,2.261367899496657e-17
946176.0,1.0,1.0,946176.0,1.0,1.0,946176.0,0.0,6.746027035878681e-18
958464.0,1.0,1.0,958464.0,1.0,1.0,958464.0,0.140625,0.014062500000000006
970752.0,1.0,1.0,970752.0,1.0,1.0,970752.0,1.0,0.1140625
983040.0,1.0,1.0,983040.0,1.0,1.0,983040.0,1.0,0.2140625
995328.0,1.0,1.0,995328.0,1.0,1.0,995328.0,1.0,0.3140625
1007616.0,1.0,1.0,1007616.0,1.0,1.0,1007616.0,1.0,0.4140625
1019904.0,1.0,1.0,1019904.0,1.0,1.0,1019904.0,1.0,0.5140625
1032192.0,1.0,1.0,1032192.0,1.0,1.0,1032192.0,1.0,0.6140625
1044480.0,1.0,1.0,1044480.0,1.0,1.0,1044480.0,1.0,0.7140625
1056768.0,1.0,1.0,1056768.0,1.0,1.0,1056768.0,1.0,0.8140625
1069056.0,1.0,1.0,1069056.0,1.0,1.0,1069056.0,1.0,0.9140625
1081344.0,1.0,1.0,1081344.0,1.0,1.0,1081344.0,1.0,1.0
1093632.0,1.0,1.0,1093632.0,1.0,1.0,1093632.0,1.0,1.0
1105920.0,1.0,1.0,1105920.0,1.0,1.0,1105920.0,1.0,1.0
1118208.0,1.0,1.0,1118208.0,1.0,1.0,1118208.0,1.0,1.0
1130496.0,1.0,1.0,1130496.0,1.0,1.0,1130496.0,1.0,1.0
1142784.0,1.0,1.0,1142784.0,1.0,1.0,1142784.0,1.0,1.0
1155072.0,1.0,1.0,1155072.0,1.0,1.0,1155072.0,1.0,1.0
1167360.0,1.0,1.0,1167360.0,1.0,1.0,1167360.0,1.0,1.0
1179648.0,1.0,1.0,1179648.0,1.0,1.0,1179648.0,1.0,1.0
1191936.0,1.0,1.0,1191936.0,1.0,1.0,1191936.0,1.0,1.0
1204224.0,1.0,1.0,1204224.0,1.0,1.0,1204224.0,1.0,1.0
1216512.0,1.0,1.0,1216512.0,1.0,1.0,1216512.0,1.0,1.0
1228800.0,1.0,1.0,1228800.0,1.0,1.0,1228800.0,1.0,1.0
1241088.0,1.0,1.0,1241088.0,1.0,1.0,1241088.0,1.0,1.0
1253376.0,1.0,1.0,1253376.0,1.0,1.0,1253376.0,1.0,1.0
1265664.0,1.0,1.0,1265664.0,1.0,1.0,1265664.0,1.0,1.0
1277952.0,1.0,1.0,1277952.0,1.0,1.0,1277952.0,1.0,1.0
1290240.0,1.0,1.0,1290240.0,1.0,1.0,1290240.0,1.0,1.0
1302528.0,1.0,1.0,1302528.0,1.0,1.0,1302528.0,1.0,1.0
1314816.0,1.0,1.0,1314816.0,1.0,1.0,1314816.0,1.0,1.0
1327104.0,1.0,1.0,1327104.0,1.0,1.0,1327104.0,1.0,1.0
1339392.0,1.0,1.0,1339392.0,1.0,1.0,1339392.0,1.0,1.0
1351680.0,1.0,1.0,1351680.0,1.0,1.0,1351680.0,1.0,1.0
1363968.0,1.0,1.0,1363968.0,1.0,1.0,1363968.0,1.0,1.0
1376256.0,1.0,1.0,1376256.0,1.0,1.0,1376256.0,1.0,1.0
1388544.0,1.0,1.0,1388544.0,1.0,1.0,1388544.0,1.0,1.0
1400832.0,1.0,1.0,1400832.0,1.0,1.0,1400832.0,1.0,1.0
1413120.0,1.0,1.0,1413120.0,1.0,1.0,1413120.0,1.0,1.0
1425408.0,1.0,1.0,1425408.0,1.0,1.0,1425408.0,1.0,1.0
1437696.0,1.0,1.0,1437696.0,1.0,1.0,1437696.0,1.0,1.0
1449984.0,1.0,1.0,1449984.0,1.0,1.0,1449984.0,1.0,1.0
1462272.0,1.0,1.0,1462272.0,1.0,1.0,1462272.0,1.0,1.0
1474560.0,1.0,1.0,1474560.0,1.0,1.0,1474560.0,1.0,1.0
1486848.0,1.0,1.0,1486848.0,1.0,1.0,1486848.0,1.0,1.0
1499136.0,1.0,1.0,1499136.0,1.0,1.0,1499136.0,1.0,1.0
1511424.0,1.0,1.0,1511424.0,1.0,1.0,1511424.0,1.0,1.0
1523712.0,1.0,1.0,1523712.0,1.0,1.0,1523712.0,1.0,1.0
1536000.0,1.0,1.0,1536000.0,1.0,1.0,1536000.0,1.0,1.0
1548288.0,1.0,1.0,1548288.0,1.0,1.0,1548288.0,1.0,1.0
1560576.0,1.0,1.0,1560576.0,1.0,1.0,1560576.0,1.0,1.0
1572864.0,1.0,1.0,1572864.0,1.0,1.0,1572864.0,1.0,1.0
1585152.0,1.0,1.0,1585152.0,1.0,1.0,1585152.0,1.0,1.0
1597440.0,1.0,1.0,1597440.0,1.0,1.0,1597440.0,1.0,1.0
1609728.0,1.0,1.0,1609728.0,1.0,1.0,1609728.0,1.0,1.0
1622016.0,1.0,1.0,1622016.0,1.0,1.0,1622016.0,1.0,1.0
1634304.0,1.0,1.0,1634304.0,1.0,1.0,1634304.0,1.0,1.0
1646592.0,1.0,1.0,1646592.0,1.0,1.0,1646592.0,1.0,1.0
1658880.0,1.0,1.0,1658880.0,1.0,1.0,1658880.0,1.0,1.0
1671168.0,1.0,1.0,1671168.0,1.0,1.0,1671168.0,1.0,1.0
1683456.0,1.0,1.0,1683456.0,1.0,1.0,1683456.0,1.0,1.0
1695744.0,1.0,1.0,1695744.0,1.0,1.0,1695744.0,1.0,1.0
1708032.0,1.0,1.0,1708032.0,1.0,1.0,1708032.0,1.0,1.0
1720320.0,1.0,1.0,1720320.0,1.0,1.0,1720320.0,1.0,1.0
1732608.0,1.0,1.0,1732608.0,1.0,1.0,1732608.0,1.0,1.0
1744896.0,1.0,1.0,1744896.0,1.0,1.0,1744896.0,1.0,1.0
1757184.0,1.0,1.0,1757184.0,1.0,1.0,1757184.0,1.0,1.0
1769472.0,1.0,1.0,1769472.0,1.0,1.0,1769472.0,1.0,1.0
1781760.0,1.0,1.0,1781760.0,1.0,1.0,1781760.0,1.0,1.0
1794048.0,1.0,1.0,1794048.0,1.0,1.0,1794048.0,1.0,1.0
1806336.0,1.0,1.0,1806336.0,1.0,1.0,1806336.0,1.0,1.0
1818624.0,1.0,1.0,1818624.0,1.0,1.0,1818624.0,1.0,1.0
1830912.0,1.0,1.0,1830912.0,1.0,1.0,1830912.0,1.0,1.0
1843200.0,1.0,1.0,1843200.0,1.0,1.0,1843200.0,1.0,1.0
1855488.0,1.0,1.0,1855488.0,1.0,1.0,1855488.0,1.0,1.0
1867776.0,1.0,1.0,1867776.0,1.0,1.0,1867776.0,1.0,1.0
1880064.0,1.0,1.0,1880064.0,1.0,1.0,1880064.0,1.0,1.0
1892352.0,1.0,1.0,1892352.0,1.0,1.0,1892352.0,1.0,1.0
1904640.0,1.0,1.0,1904640.0,1.0,1.0,1904640.0,1.0,1.0
1916928.0,1.0,1.0,1916928.0,1.0,1.0,1916928.0,1.0,1.0
1929216.0,1.0,1.0,1929216.0,1.0,1.0,1929216.0,1.0,1.0
1941504.0,1.0,1.0,1941504.0,1.0,1.0,1941504.0,1.0,1.0
1953792.0,1.0,1.0,1953792.0,1.0,1.0,1953792.0,1.0,1.0
1966080.0,1.0,1.0,1966080.0,1.0,1.0,1966080.0,1.0,1.0
1978368.0,1.0,1.0,1978368.0,1.0,1.0,1978368.0,1.0,1.0
1990656.0,1.0,1.0,1990656.0,1.0,1.0,1990656.0,1.0,1.0
2002944.0,1.0,1.0,2002944.0,1.0,1.0,2002944.0,1.0,1.0
2015232.0,1.0,1.0,2015232.0,1.0,1.0,2015232.0,1.0,1.0
2027520.0,1.0,1.0,2027520.0,1.0,1.0,2027520.0,1.0,1.0
2039808.0,1.0,1.0,2039808.0,1.0,1.0,2039808.0,1.0,1.0
2052096.0,1.0,1.0,2052096.0,1.0,1.0,2052096.0,1.0,1.0
2064384.0,1.0,1.0,2064384.0,1.0,1.0,2064384.0,1.0,1.0
2076672.0,1.0,1.0,2076672.0,1.0,1.0,2076672.0,1.0,1.0
2088960.0,1.0,1.0,2088960.0,1.0,1.0,2088960.0,1.0,1.0
2101248.0,1.0,1.0,2101248.0,1.0,1.0,2101248.0,1.0,1.0
2113536.0,1.0,1.0,2113536.0,1.0,1.0,2113536.0,1.0,1.0
2125824.0,1.0,1.0,2125824.0,1.0,1.0,2125824.0,1.0,1.0
2138112.0,1.0,1.0,2138112.0,1.0,1.0,2138112.0,1.0,1.0
2150400.0,1.0,1.0,2150400.0,1.0,1.0,2150400.0,1.0,1.0
2162688.0,1.0,1.0,2162688.0,1.0,1.0,2162688.0,1.0,1.0
2174976.0,1.0,1.0,2174976.0,1.0,1.0,2174976.0,1.0,1.0
2187264.0,1.0,1.0,2187264.0,1.0,1.0,2187264.0,1.0,1.0
2199552.0,1.0,1.0,2199552.0,1.0,1.0,2199552.0,1.0,1.0
2211840.0,1.0,1.0,2211840.0,1.0,1.0,2211840.0,1.0,1.0
2224128.0,1.0,1.0,2224128.0,1.0,1.0,2224128.0,1.0,1.0
2236416.0,1.0,1.0,2236416.0,1.0,1.0,2236416.0,1.0,1.0
2248704.0,1.0,1.0,2248704.0,1.0,1.0,2248704.0,1.0,1.0
2260992.0,1.0,1.0,2260992.0,1.0,1.0,2260992.0,1.0,1.0
2273280.0,1.0,1.0,2273280.0,1.0,1.0,2273280.0,1.0,1.0
2285568.0,1.0,1.0,2285568.0,1.0,1.0,2285568.0,1.0,1.0
2297856.0,1.0,1.0,2297856.0,1.0,1.0,2297856.0,1.0,1.0
2310144.0,1.0,1.0,2310144.0,1.0,1.0,2310144.0,1.0,1.0
2322432.0,1.0,1.0,2322432.0,1.0,1.0,2322432.0,1.0,1.0
2334720.0,1.0,1.0,2334720.0,1.0,1.0,2334720.0,1.0,1.0
2347008.0,1.0,1.0,2347008.0,1.0,1.0,2347008.0,1.0,1.0
2359296.0,1.0,1.0,2359296.0,1.0,1.0,2359296.0,1.0,1.0
2371584.0,1.0,1.0,2371584.0,1.0,1.0,2371584.0,1.0,1.0
2383872.0,1.0,1.0,2383872.0,1.0,1.0,2383872.0,1.0,1.0
2396160.0,1.0,1.0,2396160.0,1.0,1.0,2396160.0,1.0,1.0
2408448.0,1.0,1.0,2408448.0,1.0,1.0,2408448.0,1.0,1.0
2420736.0,1.0,1.0,2420736.0,1.0,1.0,2420736.0,1.0,1.0
2433024.0,1.0,1.0,2433024.0,1.0,1.0,2433024.0,1.0,1.0
2445312.0,1.0,1.0,2445312.0,1.0,1.0,2445312.0,1.0,1.0
2457600.0,1.0,1.0,2457600.0,1.0,1.0,2457600.0,1.0,1.0
2469888.0,1.0,1.0,2469888.0,1.0,1.0,2469888.0,1.0,1.0
2482176.0,1.0,1.0,2482176.0,1.0,1.0,2482176.0,1.0,1.0
2494464.0,1.0,1.0,2494464.0,1.0,1.0,2494464.0,1.0,1.0
2506752.0,1.0,1.0,2506752.0,1.0,1.0,2506752.0,1.0,1.0
2519040.0,1.0,1.0,2519040.0,1.0,1.0,2519040.0,1.0,1.0
2531328.0,1.0,1.0,2531328.0,1.0,1.0,2531328.0,2.679451653112968,1.1679451653112969
2543616.0,1.0,1.0,2543616.0,1.0,1.0,2543616.0,0.5880612668891748,1.1267512920002143
2555904.0,1.0,1.0,2555904.0,1.0,1.0,2555904.0,0.03965635295026004,1.0307169272952403
2568192.0,1.0,1.0,2568192.0,1.0,1.0,2568192.0,1.0707159098237753,1.0377885182776179
2580480.0,1.0,1.0,2580480.0,1.0,1.0,2580480.0,0.0003467470299559257,0.9378231929806136
2592768.0,1.0,1.0,2592768.0,1.0,1.0,2592768.0,3.629141112545161e-05,0.8378268221217262
2605056.0,1.0,1.0,2605056.0,1.0,1.0,2605056.0,1.445552822628334e-07,0.7378268365772541
2617344.0,1.0,1.0,2617344.0,1.0,1.0,2617344.0,5.051530500323198e-10,0.6378268366277695
2629632.0,1.0,1.0,2629632.0,1.0,1.0,2629632.0,2.6790970812241235,0.8057365447501817
2641920.0,1.0,1.0,2641920.0,1.0,1.0,2641920.0,0.003320377649894605,0.7060685825151712
2654208.0,1.0,1.0,2654208.0,1.0,1.0,2654208.0,2.0345072043737034e-08,0.4381234192383817
2666496.0,1.0,1.0,2666496.0,1.0,1.0,2666496.0,4.3178524977705024e-08,0.3793172968673167
2678784.0,1.0,1.0,2678784.0,1.0,1.0,2678784.0,3.730642516551937e-10,0.3753516616095972
2691072.0,1.0,1.0,2691072.0,1.0,1.0,2691072.0,2.440208934327378e-12,0.2682800706274636
2703360.0,1.0,1.0,2703360.0,1.0,1.0,2703360.0,2.21079926270302e-15,0.2682453959244683
2715648.0,1.0,1.0,2715648.0,1.0,1.0,2715648.0,5.1754434999117356e-17,0.2682417667833557
2727936.0,1.0,1.0,2727936.0,1.0,1.0,2727936.0,0.890625,0.3573042523278275
2740224.0,1.0,1.0,2740224.0,1.0,1.0,2740224.0,1.0,0.4573042522773122
2752512.0,1.0,1.0,2752512.0,1.0,1.0,2752512.0,1.0,0.28939454415489985
2764800.0,1.0,1.0,2764800.0,1.0,1.0,2764800.0,1.0,0.38906250638991036
2777088.0,1.0,1.0,2777088.0,1.0,1.0,2777088.0,2.679414869596561,0.6570039913150593
2789376.0,1.0,1.0,2789376.0,1.0,1.0,2789376.0,5.741666346814611e-07,0.6570040444138702
2801664.0,1.0,1.0,2801664.0,1.0,1.0,2801664.0,0.4228315915291508,0.6992872035294788
2813952.0,1.0,1.0,2813952.0,1.0,1.0,2813952.0,0.009135076320186878,0.7002007111612535
2826240.0,1.0,1.0,2826240.0,1.0,1.0,2826240.0,5.2652517941472375e-05,0.7002059764130475
2838528.0,1.0,1.0,2838528.0,1.0,1.0,2838528.0,1.1806712348535105e-07,0.7002059882197598
2850816.0,1.0,1.0,2850816.0,1.0,1.0,2850816.0,1.0,0.7111434882197598
2863104.0,1.0,1.0,2863104.0,1.0,1.0,2863104.0,1.0,0.7111434882197598
2875392.0,1.0,1.0,2875392.0,1.0,1.0,2875392.0,1.0,0.7111434882197598
2887680.0,1.0,1.0,2887680.0,1.0,1.0,2887680.0,1.0,0.7111434882197598
2899968.0,1.0,1.0,2899968.0,1.0,1.0,2899968.0,1.0,0.5432020012601038
2912256.0,1.0,1.0,2912256.0,1.0,1.0,2912256.0,1.0,0.6432019438434403
2924544.0,1.0,1.0,2924544.0,1.0,1.0,2924544.0,2.679451117912928,0.868863896481818
2936832.0,1.0,1.0,2936832.0,1.0,1.0,2936832.0,0.03862466389546171,0.8718128552393454
2949120.0,1.0,1.0,2949120.0,1.0,1.0,2949120.0,1.793170449634393,1.0511246349509906
2961408.0,1.0,1.0,2961408.0,1.0,1.0,2961408.0,5.6719409826655465e-05,1.051130295085261
2973696.0,1.0,1.0,2973696.0,1.0,1.0,2973696.0,2.275128157217902e-05,0.9511325702134181
2985984.0,1.0,1.0,2985984.0,1.0,1.0,2985984.0,2.2929498019317784,1.0804275504065959
2998272.0,1.0,1.0,2998272.0,1.0,1.0,2998272.0,0.18327492708340287,0.9987550431149362
3010560.0,1.0,1.0,3010560.0,1.0,1.0,3010560.0,0.012606272784372171,0.9000156703933735
3022848.0,1.0,1.0,3022848.0,1.0,1.0,3022848.0,7.592093813476215e-05,0.800023262487187
3035136.0,1.0,1.0,3035136.0,1.0,1.0,3035136.0,2.4337654921010216e-07,0.7000232868248418
3047424.0,1.0,1.0,3047424.0,1.0,1.0,3047424.0,0.3906250002610408,0.4711406750596532
3059712.0,1.0,1.0,3059712.0,1.0,1.0,3059712.0,1.0,0.567278208670107
3072000.0,1.0,1.0,3072000.0,1.0,1.0,3072000.0,1.0,0.48796116370666776
3084288.0,1.0,1.0,3084288.0,1.0,1.0,3084288.0,1.0,0.5879554917656851
3096576.0,1.0,1.0,3096576.0,1.0,1.0,3096576.0,2.679223528752724,0.8558755695128003
3108864.0,1.0,1.0,3108864.0,1.0,1.0,3108864.0,0.0004266087451772667,0.6266232501941402
3121152.0,1.0,1.0,3121152.0,1.0,1.0,3121152.0,5.1990542194365235e-06,0.6082962773912217
3133440.0,1.0,1.0,3133440.0,1.0,1.0,3133440.0,2.6776714300115905,0.8748027931139436
3145728.0,1.0,1.0,3145728.0,1.0,1.0,3145728.0,0.35351824838047224,0.9101470258581774
3158016.0,1.0,1.0,3158016.0,1.0,1.0,3158016.0,0.01470784254585548,0.911617785775108
3170304.0,1.0,1.0,3170304.0,1.0,1.0,3170304.0,1.5427516364259947e-05,0.8725568285006403
3182592.0,1.0,1.0,3182592.0,1.0,1.0,3182592.0,2.733090176398889e-08,0.7725568312337305
3194880.0,1.0,1.0,3194880.0,1.0,1.0,3194880.0,3.8457967178306035e-10,0.6725568312721885
3207168.0,1.0,1.0,3207168.0,1.0,1.0,3207168.0,3.833234929473406e-07,0.5725568696045378
3219456.0,1.0,1.0,3219456.0,1.0,1.0,3219456.0,2.6496577039361,0.5696002871228754
3231744.0,1.0,1.0,3231744.0,1.0,1.0,3231744.0,0.0016100260205954935,0.5697186288504172
3244032.0,1.0,1.0,3244032.0,1.0,1.0,3244032.0,5.431979137900574e-06,0.5697186521429091
3256320.0,1.0,1.0,3256320.0,1.0,1.0,3256320.0,2.1783460785185227e-08,0.301951511320096
3268608.0,1.0,1.0,3268608.0,1.0,1.0,3268608.0,2.5651509885986647,0.5231147853419154
3280896.0,1.0,1.0,3280896.0,1.0,1.0,3280896.0,0.004706914357181328,0.5221146925230479
3293184.0,1.0,1.0,3293184.0,1.0,1.0,3293184.0,2.4468904806932795e-05,0.5221155966618922
3305472.0,1.0,1.0,3305472.0,1.0,1.0,3305472.0,1.716636561048072e-07,0.5221156110951676
3317760.0,1.0,1.0,3317760.0,1.0,1.0,3317760.0,2.644809907923142,0.7865966018490237
3330048.0,1.0,1.0,3330048.0,1.0,1.0,3330048.0,1.4486652047683795,0.9314630839935125
3342336.0,1.0,1.0,3342336.0,1.0,1.0,3342336.0,2.880233118673914e-06,0.6664976016232143
3354624.0,1.0,1.0,3354624.0,1.0,1.0,3354624.0,1.5369331543742721e-06,0.6663367527144702
3366912.0,1.0,1.0,3366912.0,1.0,1.0,3366912.0,7.256660161658601e-08,0.6663362167732166
3379200.0,1.0,1.0,3379200.0,1.0,1.0,3379200.0,2.6783744022250175,0.9341736548173722
3391488.0,1.0,1.0,3391488.0,1.0,1.0,3391488.0,0.0031613387315398236,0.6779746898306598
3403776.0,1.0,1.0,3403776.0,1.0,1.0,3403776.0,8.855988499571291e-06,0.6775048839937916
3416064.0,1.0,1.0,3416064.0,1.0,1.0,3416064.0,5.130673112289467e-08,0.677502442233984
3428352.0,1.0,1.0,3428352.0,1.0,1.0,3428352.0,2.304229319716493,0.9079253570392677
3440640.0,1.0,1.0,3440640.0,1.0,1.0,3440640.0,0.012713166608591564,0.6447156829078127
3452928.0,1.0,1.0,3452928.0,1.0,1.0,3452928.0,0.010354056073992979,0.5008845680383741
3465216.0,1.0,1.0,3465216.0,1.0,1.0,3465216.0,0.014741113938119573,0.5023583914088741
3477504.0,1.0,1.0,3477504.0,1.0,1.0,3477504.0,1.6864181484758472e-05,0.5023599241337072
3489792.0,1.0,1.0,3489792.0,1.0,1.0,3489792.0,2.435807221879562,0.7459406390650033
3502080.0,1.0,1.0,3502080.0,1.0,1.0,3502080.0,0.011084578892526528,0.47921165673175414
3514368.0,1.0,1.0,3514368.0,1.0,1.0,3514368.0,7.580960300401784e-05,0.47890310381890044
3526656.0,1.0,1.0,3526656.0,1.0,1.0,3526656.0,2.453790413836638,0.7242812596037144
3538944.0,1.0,1.0,3538944.0,1.0,1.0,3538944.0,0.510703737847507,0.7753516282577919
3551232.0,1.0,1.0,3551232.0,1.0,1.0,3551232.0,3.286392864509935e-06,0.5449290249254292
3563520.0,1.0,1.0,3563520.0,1.0,1.0,3563520.0,3.12829047943719e-08,0.5436577113928605
3575808.0,1.0,1.0,3575808.0,1.0,1.0,3575808.0,2.6732654285927615,0.8099488486447374
3588096.0,1.0,1.0,3588096.0,1.0,1.0,3588096.0,0.20995739451609552,0.8294704767025349
3600384.0,1.0,1.0,3600384.0,1.0,1.0,3600384.0,6.146067164536362e-05,0.829474936351551
3612672.0,1.0,1.0,3612672.0,1.0,1.0,3612672.0,3.3877183407563884e-05,0.5858976018819355
3624960.0,1.0,1.0,3624960.0,1.0,1.0,3624960.0,0.0010326537315753133,0.5848924093658404
3637248.0,1.0,1.0,3637248.0,1.0,1.0,3637248.0,2.3068560659885406,0.8155704350043941
3649536.0,1.0,1.0,3649536.0,1.0,1.0,3649536.0,0.00539888644804402,0.5707312822655346
3661824.0,1.0,1.0,3661824.0,1.0,1.0,3661824.0,0.0023495656926873685,0.5198958650500527
3674112.0,1.0,1.0,3674112.0,1.0,1.0,3674112.0,2.4947133889933564e-05,0.5198980311241552
3686400.0,1.0,1.0,3686400.0,1.0,1.0,3686400.0,2.6785442059238753,0.7877524485882523
3698688.0,1.0,1.0,3698688.0,1.0,1.0,3698688.0,0.001684863830935986,0.5205943921120697
3710976.0,1.0,1.0,3710976.0,1.0,1.0,3710976.0,2.443156382507065e-05,0.49960109581684264
3723264.0,1.0,1.0,3723264.0,1.0,1.0,3723264.0,0.6015784327561656,0.5597527930252948
3735552.0,1.0,1.0,3735552.0,1.0,1.0,3735552.0,0.2167596488725394,0.5814253701942079
3747840.0,1.0,1.0,3747840.0,1.0,1.0,3747840.0,0.0019300107208740276,0.5815151058931376
3760128.0,1.0,1.0,3760128.0,1.0,1.0,3760128.0,0.5079018902033567,0.40161968831461936
3772416.0,1.0,1.0,3772416.0,1.0,1.0,3772416.0,0.03485523744408662,0.4045653234142237
3784704.0,1.0,1.0,3784704.0,1.0,1.0,3784704.0,2.1507360065976777,0.6194039675047227
3796992.0,1.0,1.0,3796992.0,1.0,1.0,3796992.0,2.565456409007311,0.8759471136920647
3809280.0,1.0,1.0,3809280.0,1.0,1.0,3809280.0,0.0035807580158386068,0.608450768901261
3821568.0,1.0,1.0,3821568.0,1.0,1.0,3821568.0,2.3354673820237317,0.8418290207205408
3833856.0,1.0,1.0,3833856.0,1.0,1.0,3833856.0,0.0072225710124863935,0.8425488346654066
3846144.0,1.0,1.0,3846144.0,1.0,1.0,3846144.0,3.004282566128798e-05,0.7823939956723562
3858432.0,1.0,1.0,3858432.0,1.0,1.0,3858432.0,2.668348230421543,1.0275528538272567
3870720.0,1.0,1.0,3870720.0,1.0,1.0,3870720.0,0.0001511845114616032,1.0273749712063154
3883008.0,1.0,1.0,3883008.0,1.0,1.0,3883008.0,0.12860947265289724,0.9894457294512694
3895296.0,1.0,1.0,3895296.0,1.0,1.0,3895296.0,0.6162665439769626,1.047586860104557
3907584.0,1.0,1.0,3907584.0,1.0,1.0,3907584.0,0.010936238899982223,0.8336068833347875
3919872.0,1.0,1.0,3919872.0,1.0,1.0,3919872.0,0.6799938408657908,0.6450606265206356
3932160.0,1.0,1.0,3932160.0,1.0,1.0,3932160.0,0.0005849075708586801,0.6447610414761374
3944448.0,1.0,1.0,3944448.0,1.0,1.0,3944448.0,5.891549463103255e-07,0.41121436218925894
3956736.0,1.0,1.0,3956736.0,1.0,1.0,3956736.0,0.1316271961744254,0.4236548247054529
3969024.0,1.0,1.0,3969024.0,1.0,1.0,3969024.0,2.678974357744058,0.6915492561972926
3981312.0,1.0,1.0,3981312.0,1.0,1.0,3981312.0,0.001275454395909037,0.42484197859472916
3993600.0,1.0,1.0,3993600.0,1.0,1.0,3993600.0,0.0011574934308858549,0.4249426094866716
4005888.0,1.0,1.0,4005888.0,1.0,1.0,4005888.0,0.6672663834566871,0.4788083005670506
4018176.0,1.0,1.0,4018176.0,1.0,1.0,4018176.0,0.003189752060279716,0.41750062137538235
4030464.0,1.0,1.0,4030464.0,1.0,1.0,4030464.0,1.4669414378924254e-05,0.416408464426822
4042752.0,1.0,1.0,4042752.0,1.0,1.0,4042752.0,7.496915721549868e-08,0.3484090878371586
4055040.0,1.0,1.0,4055040.0,1.0,1.0,4055040.0,0.04583880970797812,0.3529344780508706
4067328.0,1.0,1.0,4067328.0,1.0,1.0,4067328.0,2.1247765477746725,0.5654120739128432
4079616.0,1.0,1.0,4079616.0,1.0,1.0,4079616.0,0.033517764415591955,0.5556011307369598
4091904.0,1.0,1.0,4091904.0,1.0,1.0,4091904.0,2.679164427022139,0.555620137664768
4104192.0,1.0,1.0,4104192.0,1.0,1.0,4104192.0,0.0020153322717912183,0.5556941254523562
4116480.0,1.0,1.0,4116480.0,1.0,1.0,4116480.0,1.6392839915132146e-05,0.5555800153932591
4128768.0,1.0,1.0,4128768.0,1.0,1.0,4128768.0,1.2477645157845293e-08,0.4888533782953549
4141056.0,1.0,1.0,4141056.0,1.0,1.0,4141056.0,4.468659914035981e-10,0.4885344031340136
4153344.0,1.0,1.0,4153344.0,1.0,1.0,4153344.0,2.6123995582262673,0.7497728920152023
4165632.0,1.0,1.0,4165632.0,1.0,1.0,4165632.0,0.009733919173110431,0.7507462764355977
4177920.0,1.0,1.0,4177920.0,1.0,1.0,4177920.0,0.00010108420519827632,0.7461725038853197
4190208.0,1.0,1.0,4190208.0,1.0,1.0,4190208.0,1.367206569140156,0.6704155060218681
4202496.0,1.0,1.0,4202496.0,1.0,1.0,4202496.0,0.060082691469384976,0.6730719987272474
4214784.0,1.0,1.0,4214784.0,1.0,1.0,4214784.0,1.2847607687641963e-05,0.4051568407858023
4227072.0,1.0,1.0,4227072.0,1.0,1.0,4227072.0,5.7860037150359034e-08,0.40495531334462687
4239360.0,1.0,1.0,4239360.0,1.0,1.0,4239360.0,2.675057429820299,0.6724594170426652
4251648.0,1.0,1.0,4251648.0,1.0,1.0,4251648.0,0.10111334675457329,0.682570750470358
4263936.0,1.0,1.0,4263936.0,1.0,1.0,4263936.0,0.00046868501567587373,0.682617618927239
4276224.0,1.0,1.0,4276224.0,1.0,1.0,4276224.0,0.23644349607639015,0.44502201271225134
4288512.0,1.0,1.0,4288512.0,1.0,1.0,4288512.0,2.440004183600346,0.688049039154975
4300800.0,1.0,1.0,4300800.0,1.0,1.0,4300800.0,0.0055735206745642545,0.6885962828019114
4313088.0,1.0,1.0,4313088.0,1.0,1.0,4313088.0,2.696872924919565e-05,0.5518783227608207
4325376.0,1.0,1.0,4325376.0,1.0,1.0,4325376.0,0.9464386490484079,0.640513918518723
4337664.0,1.0,1.0,4337664.0,1.0,1.0,4337664.0,2.6139530340830484,0.9019079371662592
4349952.0,1.0,1.0,4349952.0,1.0,1.0,4349952.0,0.004067201618454419,0.902314651542101
4362240.0,1.0,1.0,4362240.0,1.0,1.0,4362240.0,0.8139416947960854,0.7162030780396795
4374528.0,1.0,1.0,4374528.0,1.0,1.0,4374528.0,0.0026942921952771335,0.7063611725837499
4386816.0,1.0,1.0,4386816.0,1.0,1.0,4386816.0,2.6197709888219833,0.9682914029643805
4399104.0,1.0,1.0,4399104.0,1.0,1.0,4399104.0,0.002907570498791756,0.944937810406621
4411392.0,1.0,1.0,4411392.0,1.0,1.0,4411392.0,1.3626071914056107e-05,0.7009387546537776
4423680.0,1.0,1.0,4423680.0,1.0,1.0,4423680.0,2.5999944594999156,0.9603808485363127
4435968.0,1.0,1.0,4435968.0,1.0,1.0,4435968.0,0.009111817887363335,0.9612893334521242
4448256.0,1.0,1.0,4448256.0,1.0,1.0,4448256.0,1.422889473537604,1.0089344159010438
4460544.0,1.0,1.0,4460544.0,1.0,1.0,4460544.0,0.0029637476388112796,0.7478354872566201
4472832.0,1.0,1.0,4472832.0,1.0,1.0,4472832.0,4.2779462875823055e-06,0.7474291948894034
4485120.0,1.0,1.0,4485120.0,1.0,1.0,4485120.0,2.3051209015150866,0.8965471155613034
4497408.0,1.0,1.0,4497408.0,1.0,1.0,4497408.0,0.0003769788747073714,0.8963153842292464
4509696.0,1.0,1.0,4509696.0,1.0,1.0,4509696.0,2.894643101096032e-05,0.6343411799901493
4521984.0,1.0,1.0,4521984.0,1.0,1.0,4521984.0,0.5221562730148435,0.6862660502417545
4534272.0,1.0,1.0,4534272.0,1.0,1.0,4534272.0,2.6382502851386866,0.9500897161484317
4546560.0,1.0,1.0,4546560.0,1.0,1.0,4546560.0,0.006746839166832312,0.6907649541151234
4558848.0,1.0,1.0,4558848.0,1.0,1.0,4558848.0,3.3350793700037684e-05,0.689857107405757
4571136.0,1.0,1.0,4571136.0,1.0,1.0,4571136.0,1.611339352317979e-07,0.5475681761653901
4583424.0,1.0,1.0,4583424.0,1.0,1.0,4583424.0,2.185536145543059,0.7658254159558149
4595712.0,1.0,1.0,4595712.0,1.0,1.0,4595712.0,0.0016742483336808316,0.7659924129945541
4608000.0,1.0,1.0,4608000.0,1.0,1.0,4608000.0,2.429277937859297,0.7784081166289754
4620288.0,1.0,1.0,4620288.0,1.0,1.0,4620288.0,0.08786420861724764,0.7871568396032292
4632576.0,1.0,1.0,4632576.0,1.0,1.0,4632576.0,0.16723702809152505,0.8038776477692806
4644864.0,1.0,1.0,4644864.0,1.0,1.0,4644864.0,0.0006537792651215568,0.7517273983943084
4657152.0,1.0,1.0,4657152.0,1.0,1.0,4657152.0,6.016205693626375e-07,0.48790243004249667
4669440.0,1.0,1.0,4669440.0,1.0,1.0,4669440.0,3.069186879652309e-11,0.4872277461288827
4681728.0,1.0,1.0,4681728.0,1.0,1.0,4681728.0,2.678387929995855,0.7550632040490981
4694016.0,1.0,1.0,4694016.0,1.0,1.0,4694016.0,0.0021836348223587265,0.7552815514179405
4706304.0,1.0,1.0,4706304.0,1.0,1.0,4706304.0,2.3659768334279456,0.7733256202064291
4718592.0,1.0,1.0,4718592.0,1.0,1.0,4718592.0,0.012254737118685929,0.7743836690849297
4730880.0,1.0,1.0,4730880.0,1.0,1.0,4730880.0,5.085630037153047e-05,0.5314609609290372
4743168.0,1.0,1.0,4743168.0,1.0,1.0,4743168.0,1.151476436052808e-07,0.5226745515820769
4755456.0,1.0,1.0,4755456.0,1.0,1.0,4755456.0,1.61182729562064e-10,0.5059508487890426
4767744.0,1.0,1.0,4767744.0,1.0,1.0,4767744.0,1.0985776463870445e-09,0.5058854709723881
4780032.0,1.0,1.0,4780032.0,1.0,1.0,4780032.0,2.5889471769332886,0.7647801285036601
4792320.0,1.0,1.0,4792320.0,1.0,1.0,4792320.0,1.403627660125494,0.9051428945131403
4804608.0,1.0,1.0,4804608.0,1.0,1.0,4804608.0,0.0903881056777512,0.64634291208133
4816896.0,1.0,1.0,4816896.0,1.0,1.0,4816896.0,0.7109928944458564,0.7172238380436797
4829184.0,1.0,1.0,4829184.0,1.0,1.0,4829184.0,5.256014912902174e-05,0.48063141071579807
4841472.0,1.0,1.0,4841472.0,1.0,1.0,4841472.0,2.143369859671414e-05,0.4794080803737891
4853760.0,1.0,1.0,4853760.0,1.0,1.0,4853760.0,4.265949327120211e-08,0.47940299900970124
4866048.0,1.0,1.0,4866048.0,1.0,1.0,4866048.0,0.5082241945977634,0.5302254069547133
4878336.0,1.0,1.0,4878336.0,1.0,1.0,4878336.0,1.0,0.630225406938595
4890624.0,1.0,1.0,4890624.0,1.0,1.0,4890624.0,2.676679172863563,0.8978933241150935
4902912.0,1.0,1.0,4902912.0,1.0,1.0,4902912.0,0.001788777519929378,0.6391774841737576
4915200.0,1.0,1.0,4915200.0,1.0,1.0,4915200.0,1.1094168356309335,0.6097564017243016
4927488.0,1.0,1.0,4927488.0,1.0,1.0,4927488.0,0.0012917219849744772,0.600846763355024
4939776.0,1.0,1.0,4939776.0,1.0,1.0,4939776.0,4.133220675347123e-06,0.5297478872325058
4952064.0,1.0,1.0,4952064.0,1.0,1.0,4952064.0,5.8209037275454754e-08,0.5297426370384966
4964352.0,1.0,1.0,4964352.0,1.0,1.0,4964352.0,2.678319559743007,0.7975724496429377
4976640.0,1.0,1.0,4976640.0,1.0,1.0,4976640.0,0.29512502004702884,0.8270849473816912
4988928.0,1.0,1.0,4988928.0,1.0,1.0,4988928.0,0.00309709777138778,0.7765722376990536
5001216.0,1.0,1.0,5001216.0,1.0,1.0,5001216.0,0.0006518400931175469,0.6766374217083654
5013504.0,1.0,1.0,5013504.0,1.0,1.0,5013504.0,0.36272124216581386,0.44524162863859057
5025792.0,1.0,1.0,5025792.0,1.0,1.0,5025792.0,0.0009755385793444779,0.4451603047445321
5038080.0,1.0,1.0,5038080.0,1.0,1.0,5038080.0,7.474212471455151e-06,0.33421936860268586
5050368.0,1.0,1.0,5050368.0,1.0,1.0,5050368.0,0.1575865918615212,0.34984885559034057
5062656.0,1.0,1.0,5062656.0,1.0,1.0,5062656.0,2.6516429285208383,0.6150127351203568
5074944.0,1.0,1.0,5074944.0,1.0,1.0,5074944.0,0.48228884922961396,0.6632416142224146
5087232.0,1.0,1.0,5087232.0,1.0,1.0,5087232.0,3.6264657339302175e-06,0.39541002089468713
5099520.0,1.0,1.0,5099520.0,1.0,1.0,5099520.0,2.626170426607132,0.6285145615506974
5111808.0,1.0,1.0,5111808.0,1.0,1.0,5111808.0,0.004963658530565833,0.6287012176266152
5124096.0,1.0,1.0,5124096.0,1.0,1.0,5124096.0,2.972616212559842e-05,0.6286390062335161
5136384.0,1.0,1.0,5136384.0,1.0,1.0,5136384.0,0.0005151227173882944,0.5924183942886735
5148672.0,1.0,1.0,5148672.0,1.0,1.0,5148672.0,1.7721672629316647,0.7695375667239055
5160960.0,1.0,1.0,5160960.0,1.0,1.0,5160960.0,1.1093362749864657,0.8804704468013049
5173248.0,1.0,1.0,5173248.0,1.0,1.0,5173248.0,0.0005009233309465344,0.8647618799482475
5185536.0,1.0,1.0,5185536.0,1.0,1.0,5185536.0,0.00027678903249276726,0.599625265999413
5197824.0,1.0,1.0,5197824.0,1.0,1.0,5197824.0,2.5543256141245365,0.8068289424889052
5210112.0,1.0,1.0,5210112.0,1.0,1.0,5210112.0,0.004367337027360918,0.8072653135450679
5222400.0,1.0,1.0,5222400.0,1.0,1.0,5222400.0,5.509959981016739e-06,0.5446488218803528
5234688.0,1.0,1.0,5234688.0,1.0,1.0,5234688.0,2.6750091277062893,0.811653368797925
5246976.0,1.0,1.0,5246976.0,1.0,1.0,5246976.0,1.020252799615264,0.913675676143239
5259264.0,1.0,1.0,5259264.0,1.0,1.0,5259264.0,0.0026969686296069995,0.913893860734461
5271552.0,1.0,1.0,5271552.0,1.0,1.0,5271552.0,1.2531560434088837e-05,0.7366783875973378
5283840.0,1.0,1.0,5283840.0,1.0,1.0,5283840.0,1.4853498209267855,0.7742797421913697
5296128.0,1.0,1.0,5296128.0,1.0,1.0,5296128.0,0.007992242033651564,0.7750288740616403
5308416.0,1.0,1.0,5308416.0,1.0,1.0,5308416.0,2.8188521879653666e-07,0.7750012233469129
5320704.0,1.0,1.0,5320704.0,1.0,1.0,5320704.0,0.001006074150003163,0.5196692693494596
5332992.0,1.0,1.0,5332992.0,1.0,1.0,5332992.0,2.673761907964945,0.7866087264432179
5345280.0,1.0,1.0,5345280.0,1.0,1.0,5345280.0,0.0027171147582218205,0.786879886923042
5357568.0,1.0,1.0,5357568.0,1.0,1.0,5357568.0,1.6610031716860856e-05,0.5193806351555847
5369856.0,1.0,1.0,5369856.0,1.0,1.0,5369856.0,2.1443934608250856,0.631794701276567
5382144.0,1.0,1.0,5382144.0,1.0,1.0,5382144.0,0.011041458036440114,0.6326291502172503
5394432.0,1.0,1.0,5394432.0,1.0,1.0,5394432.0,0.00010224135511786396,0.6326381211967187
5406720.0,1.0,1.0,5406720.0,1.0,1.0,5406720.0,3.3420935929839857e-07,0.484103172524976
5419008.0,1.0,1.0,5419008.0,1.0,1.0,5419008.0,2.567340229948362,0.7400379713164471
5431296.0,1.0,1.0,5431296.0,1.0,1.0,5431296.0,0.3432498330560823,0.7743629264335333
5443584.0,1.0,1.0,5443584.0,1.0,1.0,5443584.0,8.243886295152454e-05,0.7742705629048281
5455872.0,1.0,1.0,5455872.0,1.0,1.0,5455872.0,0.0003983730401463011,0.5069342094123483
5468160.0,1.0,1.0,5468160.0,1.0,1.0,5468160.0,0.6478352394575874,0.5714460218822849
5480448.0,1.0,1.0,5480448.0,1.0,1.0,5480448.0,0.017470062045807328,0.5731913670836939
5492736.0,1.0,1.0,5492736.0,1.0,1.0,5492736.0,0.2812805331122756,0.38688007431241295
5505024.0,1.0,1.0,5505024.0,1.0,1.0,5505024.0,2.678651620944341,0.653641090603203
5517312.0,1.0,1.0,5517312.0,1.0,1.0,5517312.0,0.26092069658140343,0.6797229361258317
5529600.0,1.0,1.0,5529600.0,1.0,1.0,5529600.0,0.000870106022678859,0.6798099133071636
5541888.0,1.0,1.0,5541888.0,1.0,1.0,5541888.0,1.6569791002988647e-06,0.42307605601023746
5554176.0,1.0,1.0,5554176.0,1.0,1.0,5554176.0,2.5352114302416644,0.6422722157287956
5566464.0,1.0,1.0,5566464.0,1.0,1.0,5566464.0,0.002987642614849998,0.6425627361039855
5578752.0,1.0,1.0,5578752.0,1.0,1.0,5578752.0,1.8989919093807355e-05,0.6425247977918802
5591040.0,1.0,1.0,5591040.0,1.0,1.0,5591040.0,2.5315313413739204,0.8308944079835137
5603328.0,1.0,1.0,5603328.0,1.0,1.0,5603328.0,1.8038621650387843,1.0095336182828114
5615616.0,1.0,1.0,5615616.0,1.0,1.0,5615616.0,0.0018729248434586527,0.9815928574559296
5627904.0,1.0,1.0,5627904.0,1.0,1.0,5627904.0,1.662167903759837e-05,0.713729357529399
5640192.0,1.0,1.0,5640192.0,1.0,1.0,5640192.0,0.7157064300651351,0.7592079308777724
5652480.0,1.0,1.0,5652480.0,1.0,1.0,5652480.0,0.25288922362960875,0.7844098426384654
5664768.0,1.0,1.0,5664768.0,1.0,1.0,5664768.0,0.00033966260283098865,0.7844436432008383
5677056.0,1.0,1.0,5677056.0,1.0,1.0,5677056.0,5.048018351772043e-06,0.5309230049785071
5689344.0,1.0,1.0,5689344.0,1.0,1.0,5689344.0,2.667137155930201,0.7973379563100422
5701632.0,1.0,1.0,5701632.0,1.0,1.0,5701632.0,0.7535792707155148,0.8726939843896842
5713920.0,1.0,1.0,5713920.0,1.0,1.0,5713920.0,0.0024965016770390016,0.6197905004199963
5726208.0,1.0,1.0,5726208.0,1.0,1.0,5726208.0,1.8015443733550757e-05,0.4394060854604911
5738496.0,1.0,1.0,5738496.0,1.0,1.0,5738496.0,2.116340583190322,0.6508528512951774
5750784.0,1.0,1.0,5750784.0,1.0,1.0,5750784.0,0.0036306529545981903,0.6512142544227335
5763072.0,1.0,1.0,5763072.0,1.0,1.0,5763072.0,1.3772167932302182e-05,0.5796449886330133
5775360.0,1.0,1.0,5775360.0,1.0,1.0,5775360.0,2.5946235122780004,0.8138184174978523
5787648.0,1.0,1.0,5787648.0,1.0,1.0,5787648.0,2.511850686122974,1.0649695198498668
5799936.0,1.0,1.0,5799936.0,1.0,1.0,5799936.0,0.0059106897945942665,1.065560084027491
5812224.0,1.0,1.0,5812224.0,1.0,1.0,5812224.0,4.0019442460940503e-05,0.798850370378717
5824512.0,1.0,1.0,5824512.0,1.0,1.0,5824512.0,1.2084839157760143,0.8443408348847669
5836800.0,1.0,1.0,5836800.0,1.0,1.0,5836800.0,0.01571643535377613,0.8456628282524405
5849088.0,1.0,1.0,5849088.0,1.0,1.0,5849088.0,5.904434052202608e-05,0.8456669311421194
5861376.0,1.0,1.0,5861376.0,1.0,1.0,5861376.0,1.3667645373692114,0.7707093265600083
5873664.0,1.0,1.0,5873664.0,1.0,1.0,5873664.0,0.013259872464307895,0.7716722485109794
5885952.0,1.0,1.0,5885952.0,1.0,1.0,5885952.0,2.6181377371152244,1.0334846450057085
5898240.0,1.0,1.0,5898240.0,1.0,1.0,5898240.0,0.0005946590276835195,0.7740817596806769
5910528.0,1.0,1.0,5910528.0,1.0,1.0,5910528.0,7.5449488813698435e-06,0.5228974455632677
5922816.0,1.0,1.0,5922816.0,1.0,1.0,5922816.0,1.4105808809399605,0.6633644646778043
5935104.0,1.0,1.0,5935104.0,1.0,1.0,5935104.0,0.002311840152591079,0.6635916467488172
5947392.0,1.0,1.0,5947392.0,1.0,1.0,5947392.0,2.4398306173582873,0.7867263169070444
5959680.0,1.0,1.0,5959680.0,1.0,1.0,5959680.0,0.0023429569179522027,0.7853889690634623
5971968.0,1.0,1.0,5971968.0,1.0,1.0,5971968.0,0.01263525796336277,0.7866465904257464
5984256.0,1.0,1.0,5984256.0,1.0,1.0,5984256.0,2.2971394322812557,0.8796840799169505
5996544.0,1.0,1.0,5996544.0,1.0,1.0,5996544.0,0.0006771692800005743,0.87842580959852
6008832.0,1.0,1.0,6008832.0,1.0,1.0,6008832.0,2.667639353622993,0.8833759712492967
6021120.0,1.0,1.0,6021120.0,1.0,1.0,6021120.0,0.0009199846226692898,0.8834085038087954
6033408.0,1.0,1.0,6033408.0,1.0,1.0,6033408.0,0.1339722020396342,0.8968049695178708
6045696.0,1.0,1.0,6045696.0,1.0,1.0,6045696.0,0.0022228602980855308,0.7559691674536833
6057984.0,1.0,1.0,6057984.0,1.0,1.0,6057984.0,8.674672756114887e-06,0.7557388509056996
6070272.0,1.0,1.0,6070272.0,1.0,1.0,6070272.0,2.6242336332798004,0.774179152497851
6082560.0,1.0,1.0,6082560.0,1.0,1.0,6082560.0,0.04205170331988484,0.7781500271380443
6094848.0,1.0,1.0,6094848.0,1.0,1.0,6094848.0,0.0008087152861359451,0.7769673728703216
6107136.0,1.0,1.0,6107136.0,1.0,1.0,6107136.0,0.9140362236648798,0.6386570520086841
6119424.0,1.0,1.0,6119424.0,1.0,1.0,6119424.0,0.9812209301938614,0.73671142810007
6131712.0,1.0,1.0,6131712.0,1.0,1.0,6131712.0,0.015936225395610865,0.4715411152773318
6144000.0,1.0,1.0,6144000.0,1.0,1.0,6144000.0,6.472725614988424e-05,0.47145558954067984
6156288.0,1.0,1.0,6156288.0,1.0,1.0,6156288.0,0.13066989947886518,0.4711253592846029
6168576.0,1.0,1.0,6168576.0,1.0,1.0,6168576.0,2.5949053168296814,0.7303936049377626
6180864.0,1.0,1.0,6180864.0,1.0,1.0,6180864.0,0.7883886912216743,0.8092316065926545
6193152.0,1.0,1.0,6193152.0,1.0,1.0,6193152.0,2.6297973170876503,0.8097879749734392
6205440.0,1.0,1.0,6205440.0,1.0,1.0,6205440.0,0.007969268432740742,0.806379731484725
6217728.0,1.0,1.0,6217728.0,1.0,1.0,6217728.0,0.0026822260369954165,0.806567082559811
6230016.0,1.0,1.0,6230016.0,1.0,1.0,6230016.0,8.56616599520521e-06,0.7151643168099225
6242304.0,1.0,1.0,6242304.0,1.0,1.0,6242304.0,7.721779296994876e-09,0.6170422245627143
6254592.0,1.0,1.0,6254592.0,1.0,1.0,6254592.0,2.6420231821636357,0.8796509202395167
6266880.0,1.0,1.0,6266880.0,1.0,1.0,6266880.0,1.8882196880877018,1.0684664163226718
6279168.0,1.0,1.0,6279168.0,1.0,1.0,6279168.0,1.73169382289052,1.2285688086638373
6291456.0,1.0,1.0,6291456.0,1.0,1.0,6291456.0,0.09797549666836858,0.978875826647706
6303744.0,1.0,1.0,6303744.0,1.0,1.0,6303744.0,0.0002973286800624919,0.900066690393545
6316032.0,1.0,1.0,6316032.0,1.0,1.0,6316032.0,7.16099627188586e-08,0.6370869658457761
6328320.0,1.0,1.0,6328320.0,1.0,1.0,6328320.0,6.527889955439588e-09,0.6362900396552911
6340608.0,1.0,1.0,6340608.0,1.0,1.0,6340608.0,2.3997613886992135,0.8759979559215129
6352896.0,1.0,1.0,6352896.0,1.0,1.0,6352896.0,0.09565391286741942,0.8855624905916553
6365184.0,1.0,1.0,6365184.0,1.0,1.0,6365184.0,0.14766492267760137,0.9003289820872376
6377472.0,1.0,1.0,6377472.0,1.0,1.0,6377472.0,1.7420844833056133,0.8103351122014354
6389760.0,1.0,1.0,6389760.0,1.0,1.0,6389760.0,0.011471622293659797,0.6226603056220311
6402048.0,1.0,1.0,6402048.0,1.0,1.0,6402048.0,1.2530245342645685e-05,0.4494921763575134
6414336.0,1.0,1.0,6414336.0,1.0,1.0,6414336.0,0.023437579849055406,0.44203838467558204
6426624.0,1.0,1.0,6426624.0,1.0,1.0,6426624.0,1.0,0.5420086518075757
6438912.0,1.0,1.0,6438912.0,1.0,1.0,6438912.0,2.677013079325358,0.8097099525791153
6451200.0,1.0,1.0,6451200.0,1.0,1.0,6451200.0,0.042292986530810595,0.8139392505794074
6463488.0,1.0,1.0,6463488.0,1.0,1.0,6463488.0,1.1500542250772317,0.6889685342172092
6475776.0,1.0,1.0,6475776.0,1.0,1.0,6475776.0,0.006138207604332517,0.6800169636909005
6488064.0,1.0,1.0,6488064.0,1.0,1.0,6488064.0,3.336435416182818e-05,0.6652538078585566
6500352.0,1.0,1.0,6500352.0,1.0,1.0,6500352.0,1.8211568046192875e-07,0.49104537773956336
6512640.0,1.0,1.0,6512640.0,1.0,1.0,6512640.0,0.6093750001300057,0.5508357155231979
6524928.0,1.0,1.0,6524928.0,1.0,1.0,6524928.0,1.0,0.6508344624986636
6537216.0,1.0,1.0,6537216.0,1.0,1.0,6537216.0,2.679412147651116,0.9164319192788696
6549504.0,1.0,1.0,6549504.0,1.0,1.0,6549504.0,0.16532899159938097,0.8329648184388077
6561792.0,1.0,1.0,6561792.0,1.0,1.0,6561792.0,0.0003512464963932871,0.5652986351559113
6574080.0,1.0,1.0,6574080.0,1.0,1.0,6574080.0,4.41257916605764e-06,0.5610697777607468
6586368.0,1.0,1.0,6586368.0,1.0,1.0,6586368.0,3.482830264929978e-09,0.4460643556013067
6598656.0,1.0,1.0,6598656.0,1.0,1.0,6598656.0,7.68002139206296e-11,0.4454505348485534
6610944.0,1.0,1.0,6610944.0,1.0,1.0,6610944.0,6.045113685455857e-13,0.44544719841319774
6623232.0,1.0,1.0,6623232.0,1.0,1.0,6623232.0,0.05468817891331046,0.4509159980929608
6635520.0,1.0,1.0,6635520.0,1.0,1.0,6635520.0,2.678925160318613,0.6578710141118215
6647808.0,1.0,1.0,6647808.0,1.0,1.0,6647808.0,0.0015057218261063099,0.5580215862944321
6660096.0,1.0,1.0,6660096.0,1.0,1.0,6660096.0,1.622531288110925e-05,0.29008199406060864
6672384.0,1.0,1.0,6672384.0,1.0,1.0,6672384.0,8.801132981665442e-08,0.2735491037018035
6684672.0,1.0,1.0,6684672.0,1.0,1.0,6684672.0,2.6920675201489347e-10,0.27351397907908487
6696960.0,1.0,1.0,6696960.0,1.0,1.0,6696960.0,2.215491894149292e-12,0.2735135378213898
6709248.0,1.0,1.0,6709248.0,1.0,1.0,6709248.0,3.810911607125143e-12,0.27351353747348783
6721536.0,1.0,1.0,6721536.0,1.0,1.0,6721536.0,2.6788935450216136,0.5414028919679692
6733824.0,1.0,1.0,6733824.0,1.0,1.0,6733824.0,0.002704383948488006,0.5416733303627576
6746112.0,1.0,1.0,6746112.0,1.0,1.0,6746112.0,7.126693041451897e-05,0.536211639164468
6758400.0,1.0,1.0,6758400.0,1.0,1.0,6758400.0,7.749293192323611e-07,0.26831920062553855
6770688.0,1.0,1.0,6770688.0,1.0,1.0,6770688.0,3.4471239716837854e-09,0.2681686287876403
6782976.0,1.0,1.0,6782976.0,1.0,1.0,6782976.0,3.1231394215944806e-11,0.26816700625947537
6795264.0,1.0,1.0,6795264.0,1.0,1.0,6795264.0,4.3605591182650885e-13,0.268166997458386
6807552.0,1.0,1.0,6807552.0,1.0,1.0,6807552.0,0.28555811773549067,0.29672280920501437
6819840.0,1.0,1.0,6819840.0,1.0,1.0,6819840.0,2.6788186778624854,0.5646046769910413
6832128.0,1.0,1.0,6832128.0,1.0,1.0,6832128.0,0.002907278047738752,0.5648954047954342
6844416.0,1.0,1.0,6844416.0,1.0,1.0,6844416.0,3.2385920652207766e-05,0.29700928888533806
6856704.0,1.0,1.0,6856704.0,1.0,1.0,6856704.0,1.3492290803126158e-07,0.29673886398278004
6868992.0,1.0,1.0,6868992.0,1.0,1.0,6868992.0,1.8037213707587188e-10,0.2967317373077758
6881280.0,1.0,1.0,6881280.0,1.0,1.0,6881280.0,9.581128115348126e-13,0.29673165981493965
6893568.0,1.0,1.0,6893568.0,1.0,1.0,6893568.0,0.00781250001042024,0.2975129094712693
6905856.0,1.0,1.0,6905856.0,1.0,1.0,6905856.0,2.67934392640988,0.5654473021091342
6918144.0,1.0,1.0,6918144.0,1.0,1.0,6918144.0,0.012163226240469763,0.5666636247331376
6930432.0,1.0,1.0,6930432.0,1.0,1.0,6930432.0,0.0002703106795252097,0.538134844027541
6942720.0,1.0,1.0,6942720.0,1.0,1.0,6942720.0,4.540524184785492e-07,0.2702530216465343
6955008.0,1.0,1.0,6955008.0,1.0,1.0,6955008.0,2.280216770608745e-09,0.26996229406978206
6967296.0,1.0,1.0,6967296.0,1.0,1.0,6967296.0,3.584651057431977e-11,0.2699590554813015
6979584.0,1.0,1.0,6979584.0,1.0,1.0,6979584.0,1.3184287480832231e-13,0.2699590419890239
6991872.0,1.0,1.0,6991872.0,1.0,1.0,6991872.0,0.005950099073137001,0.2705540518783004
7004160.0,1.0,1.0,7004160.0,1.0,1.0,7004160.0,2.6658758955697217,0.5371416414351767
7016448.0,1.0,1.0,7016448.0,1.0,1.0,7016448.0,0.9475781929989656,0.6311182107340312
7028736.0,1.0,1.0,7028736.0,1.0,1.0,7028736.0,0.0019223160027953174,0.3633760496933228
7041024.0,1.0,1.0,7041024.0,1.0,1.0,7041024.0,8.578145868890866e-06,0.36216058488386277
7053312.0,1.0,1.0,7053312.0,1.0,1.0,7053312.0,3.4845275285559176e-08,0.3621335573004377
7065600.0,1.0,1.0,7065600.0,1.0,1.0,7065600.0,1.3518902931425789e-10,0.3621335119087148
7077888.0,1.0,1.0,7077888.0,1.0,1.0,7077888.0,0.5078197693298042,0.41291548861367355
7090176.0,1.0,1.0,7090176.0,1.0,1.0,7090176.0,2.6791197980443635,0.6808274684145253
7102464.0,1.0,1.0,7102464.0,1.0,1.0,7102464.0,0.005699360374516497,0.6813974044519638
7114752.0,1.0,1.0,7114752.0,1.0,1.0,7114752.0,1.1132737422982852,0.7921297687744786
7127040.0,1.0,1.0,7127040.0,1.0,1.0,7127040.0,0.0024983560178952757,0.5257920148192959
7139328.0,1.0,1.0,7139328.0,1.0,1.0,7139328.0,1.8108397146221478e-06,0.4310343766033709
7151616.0,1.0,1.0,7151616.0,1.0,1.0,7151616.0,4.3945554121608645e-08,0.4308421493976467
7163904.0,1.0,1.0,7163904.0,1.0,1.0,7163904.0,4.4137952017256343e-10,0.4308412916271977
7176192.0,1.0,1.0,7176192.0,1.0,1.0,7176192.0,2.6654161823292575,0.6973829063755959
7188480.0,1.0,1.0,7188480.0,1.0,1.0,7188480.0,0.32355605422829586,0.7297385117849067
7200768.0,1.0,1.0,7200768.0,1.0,1.0,7200768.0,0.002687187799892854,0.6792252536319154
7213056.0,1.0,1.0,7213056.0,1.0,1.0,7213056.0,0.1251167516456917,0.42382494899204837
7225344.0,1.0,1.0,7225344.0,1.0,1.0,7225344.0,0.05182354185186947,0.42843736713978364
7237632.0,1.0,1.0,7237632.0,1.0,1.0,7237632.0,0.0002419589092520861,0.3171341888008803
7249920.0,1.0,1.0,7249920.0,1.0,1.0,7249920.0,0.24218808940153114,0.34110316213924385
7262208.0,1.0,1.0,7262208.0,1.0,1.0,7262208.0,1.0,0.44110298105527246
7274496.0,1.0,1.0,7274496.0,1.0,1.0,7274496.0,2.6786906297008195,0.7089720396307989
7286784.0,1.0,1.0,7286784.0,1.0,1.0,7286784.0,0.006896138608378048,0.7096616534474989
7299072.0,1.0,1.0,7299072.0,1.0,1.0,7299072.0,9.654497171140974e-05,0.4431296897117442
7311360.0,1.0,1.0,7311360.0,1.0,1.0,7311360.0,1.3363817383845646,0.544412258127371
7323648.0,1.0,1.0,7323648.0,1.0,1.0,7323648.0,0.000732582144640522,0.5442167975618457
7335936.0,1.0,1.0,7335936.0,1.0,1.0,7335936.0,8.473355684657236e-06,0.531705969732845
7348224.0,1.0,1.0,7348224.0,1.0,1.0,7348224.0,1.941747048335903e-08,0.5265236174894052
7360512.0,1.0,1.0,7360512.0,1.0,1.0,7360512.0,2.6592969546715417,0.7924291170656341
7372800.0,1.0,1.0,7372800.0,1.0,1.0,7372800.0,0.020141862221256208,0.7702244943476066
7385088.0,1.0,1.0,7385088.0,1.0,1.0,7385088.0,0.0047359139546946,0.6706980857430761
7397376.0,1.0,1.0,7397376.0,1.0,1.0,7397376.0,0.09009280719328672,0.41183830349232287
7409664.0,1.0,1.0,7409664.0,1.0,1.0,7409664.0,2.198913343871633,0.6310400240186483
7421952.0,1.0,1.0,7421952.0,1.0,1.0,7421952.0,0.00418196409009397,0.6314485659304866
7434240.0,1.0,1.0,7434240.0,1.0,1.0,7434240.0,2.701853543118915e-07,0.49781041911056556
7446528.0,1.0,1.0,7446528.0,1.0,1.0,7446528.0,2.4916907846927643,0.746906239365378
7458816.0,1.0,1.0,7458816.0,1.0,1.0,7458816.0,2.6443245373666286,1.0113378457664723
7471104.0,1.0,1.0,7471104.0,1.0,1.0,7471104.0,0.001663063108329273,1.0115041501355584
7483392.0,1.0,1.0,7483392.0,1.0,1.0,7483392.0,3.2184519831446323e-06,0.7455747765136024
7495680.0,1.0,1.0,7495680.0,1.0,1.0,7495680.0,2.620315824945768,1.0055921727860535
7507968.0,1.0,1.0,7507968.0,1.0,1.0,7507968.0,0.0030168109721368333,1.0054202624877977
7520256.0,1.0,1.0,7520256.0,1.0,1.0,7520256.0,6.403482399885974e-08,0.9964109881719516
7532544.0,1.0,1.0,7532544.0,1.0,1.0,7532544.0,1.539163881902894e-07,0.7765196691764269
7544832.0,1.0,1.0,7544832.0,1.0,1.0,7544832.0,2.6615419387817383,1.0422556666455915
7557120.0,1.0,1.0,7557120.0,1.0,1.0,7557120.0,0.597459918508927,1.1020016314779486
7569408.0,1.0,1.0,7569408.0,1.0,1.0,7569408.0,0.0001272754505331856,0.8528452805537257
7581696.0,1.0,1.0,7581696.0,1.0,1.0,7581696.0,5.717917045030182e-07,0.5884128839962333
7593984.0,1.0,1.0,7593984.0,1.0,1.0,7593984.0,0.7988106589764357,0.6681276435830438
7606272.0,1.0,1.0,7606272.0,1.0,1.0,7606272.0,0.11460909934248775,0.6795882316720944
7618560.0,1.0,1.0,7618560.0,1.0,1.0,7618560.0,0.0008553759626011015,0.4176421867737776
7630848.0,1.0,1.0,7630848.0,1.0,1.0,7630848.0,6.053225526159167e-06,0.41734111099911664
7643136.0,1.0,1.0,7643136.0,1.0,1.0,7643136.0,2.654848979165157,0.6828260025121498
7655424.0,1.0,1.0,7655424.0,1.0,1.0,7655424.0,2.5306124861041703,0.935887235730928
7667712.0,1.0,1.0,7667712.0,1.0,1.0,7667712.0,0.0025486602092617736,0.6699879078736803
7680000.0,1.0,1.0,7680000.0,1.0,1.0,7680000.0,1.572433482503281e-05,0.6102434884562703
7692288.0,1.0,1.0,7692288.0,1.0,1.0,7692288.0,4.171762740886227e-06,0.610231178087491
7704576.0,1.0,1.0,7704576.0,1.0,1.0,7704576.0,0.742642386816442,0.6844953595899648
7716864.0,1.0,1.0,7716864.0,1.0,1.0,7716864.0,0.0019701937762874877,0.60481131306995
7729152.0,1.0,1.0,7729152.0,1.0,1.0,7729152.0,2.506747528910637,0.8440251560267648
7741440.0,1.0,1.0,7741440.0,1.0,1.0,7741440.0,1.2146337324132521,0.9654029916718301
7753728.0,1.0,1.0,7753728.0,1.0,1.0,7753728.0,2.2414883375167847,1.189551220100956
7766016.0,1.0,1.0,7766016.0,1.0,1.0,7766016.0,0.0003654752191929826,0.9241028697063592
7778304.0,1.0,1.0,7778304.0,1.0,1.0,7778304.0,1.4276406995842686e-05,0.671043048736642
7790592.0,1.0,1.0,7790592.0,1.0,1.0,7790592.0,4.735148274639019e-09,0.6707881831892306
7802880.0,1.0,1.0,7802880.0,1.0,1.0,7802880.0,3.6345389675326856e-10,0.6707866107920936
7815168.0,1.0,1.0,7815168.0,1.0,1.0,7815168.0,2.6567571088671684,0.9364619045025362
7827456.0,1.0,1.0,7827456.0,1.0,1.0,7827456.0,0.04862536821747199,0.8670602026426393
7839744.0,1.0,1.0,7839744.0,1.0,1.0,7839744.0,0.0007889306249732423,0.8669420763275077
7852032.0,1.0,1.0,7852032.0,1.0,1.0,7852032.0,1.249126027027766,0.7411799261392208
7864320.0,1.0,1.0,7864320.0,1.0,1.0,7864320.0,0.0025049931652271575,0.6199670522144183
7876608.0,1.0,1.0,7876608.0,1.0,1.0,7876608.0,1.4107805109612551e-05,0.3958196292432507
7888896.0,1.0,1.0,7888896.0,1.0,1.0,7888896.0,1.2826528618161321e-09,0.39578308184959665
7901184.0,1.0,1.0,7901184.0,1.0,1.0,7901184.0,0.24218751142389264,0.42000040535128635
7913472.0,1.0,1.0,7913472.0,1.0,1.0,7913472.0,2.6637048286696277,0.6863708877447344
7925760.0,1.0,1.0,7925760.0,1.0,1.0,7925760.0,2.4220365521808467,0.9285745429264736
7938048.0,1.0,1.0,7938048.0,1.0,1.0,7938048.0,0.018003701290581375,0.664699202168815
7950336.0,1.0,1.0,7950336.0,1.0,1.0,7950336.0,0.005151560741069261,0.6603518214211747
7962624.0,1.0,1.0,7962624.0,1.0,1.0,7962624.0,1.0994375633307149e-05,0.6602740277962406
7974912.0,1.0,1.0,7974912.0,1.0,1.0,7974912.0,2.3596782157871607e-07,0.5353614486902462
7987200.0,1.0,1.0,7987200.0,1.0,1.0,7987200.0,2.8885625107111235e-09,0.5351109496625798
7999488.0,1.0,1.0,7999488.0,1.0,1.0,7999488.0,2.6787406702836356,0.8029836059104323
8011776.0,1.0,1.0,8011776.0,1.0,1.0,8011776.0,0.0005139954332662455,0.8030350053254937
8024064.0,1.0,1.0,8024064.0,1.0,1.0,8024064.0,0.8982994258403778,0.8686461967671422
8036352.0,1.0,1.0,8036352.0,1.0,1.0,8036352.0,0.0017313445763041575,0.6024488483578099
8048640.0,1.0,1.0,8048640.0,1.0,1.0,8048640.0,4.867809684583335e-05,0.3602500609494098
8060928.0,1.0,1.0,8060928.0,1.0,1.0,8060928.0,7.209811165864721e-07,0.3584497629184633
8073216.0,1.0,1.0,8073216.0,1.0,1.0,8073216.0,1.923329181682809e-09,0.3579346070366893
8085504.0,1.0,1.0,8085504.0,1.0,1.0,8085504.0,0.0027056809970720983,0.35820407569883317
8097792.0,1.0,1.0,8097792.0,1.0,1.0,8097792.0,2.6275534195204577,0.6209593940540967
8110080.0,1.0,1.0,8110080.0,1.0,1.0,8110080.0,0.0021073912575957365,0.6211701328910001
8122368.0,1.0,1.0,8122368.0,1.0,1.0,8122368.0,1.98060440334181,0.5513565061968175
8134656.0,1.0,1.0,8134656.0,1.0,1.0,8134656.0,0.008185851555026602,0.5521236918089936
8146944.0,1.0,1.0,8146944.0,1.0,1.0,8146944.0,2.473241116263125e-05,0.46229622246607205
8159232.0,1.0,1.0,8159232.0,1.0,1.0,8159232.0,9.490565133773998e-08,0.4621230974990067
8171520.0,1.0,1.0,8171520.0,1.0,1.0,8171520.0,0.8046887336462021,0.5425871030539424
8183808.0,1.0,1.0,8183808.0,1.0,1.0,8183808.0,2.675896279513836,0.8101766589072144
8196096.0,1.0,1.0,8196096.0,1.0,1.0,8196096.0,0.00028709078712078434,0.8102053677935934
8208384.0,1.0,1.0,8208384.0,1.0,1.0,8208384.0,2.525735430419445,1.0625083427358306
8220672.0,1.0,1.0,8220672.0,1.0,1.0,8220672.0,0.07660023379139602,0.8074130241629245
8232960.0,1.0,1.0,8232960.0,1.0,1.0,8232960.0,0.000379877769015972,0.8072402728140664
8245248.0,1.0,1.0,8245248.0,1.0,1.0,8245248.0,1.4051589539339677e-06,0.609179972995781
8257536.0,1.0,1.0,8257536.0,1.0,1.0,8257536.0,1.9113481335847338e-09,0.6083613880314132
8269824.0,1.0,1.0,8269824.0,1.0,1.0,8269824.0,1.3038650248199701,0.7387454172722939
8282112.0,1.0,1.0,8282112.0,1.0,1.0,8282112.0,0.07937301305355504,0.7466827090870842
8294400.0,1.0,1.0,8294400.0,1.0,1.0,8294400.0,0.37642817006174784,0.7038566527286388
8306688.0,1.0,1.0,8306688.0,1.0,1.0,8306688.0,2.661254182457924,0.7023924430230476
8318976.0,1.0,1.0,8318976.0,1.0,1.0,8318976.0,0.061805982569543026,0.7085443322012899
8331264.0,1.0,1.0,8331264.0,1.0,1.0,8331264.0,0.00023767673186133229,0.45599455683253154
8343552.0,1.0,1.0,8343552.0,1.0,1.0,8343552.0,6.248152707814351e-07,0.44833459593491903
8355840.0,1.0,1.0,8355840.0,1.0,1.0,8355840.0,0.632812810391893,0.5115778891972067
8368128.0,1.0,1.0,8368128.0,1.0,1.0,8368128.0,2.6733167494336763,0.778909423624679
8380416.0,1.0,1.0,8380416.0,1.0,1.0,8380416.0,0.0047302810999099165,0.7793824515435352
8392704.0,1.0,1.0,8392704.0,1.0,1.0,8392704.0,2.653656413157781,0.9143615903773163
8404992.0,1.0,1.0,8404992.0,1.0,1.0,8404992.0,0.003139046145709775,0.9067381936865317
8417280.0,1.0,1.0,8417280.0,1.0,1.0,8417280.0,0.00018138376003662415,0.8691135150563607
8429568.0,1.0,1.0,8429568.0,1.0,1.0,8429568.0,7.179211571894939e-07,0.6029881686026839
8441856.0,1.0,1.0,8441856.0,1.0,1.0,8441856.0,1.11035637443783e-08,0.596807571456086
8454144.0,1.0,1.0,8454144.0,1.0,1.0,8454144.0,0.12407245991441111,0.6091910497743409
8466432.0,1.0,1.0,8466432.0,1.0,1.0,8466432.0,0.3042543119130035,0.6396164184841143
8478720.0,1.0,1.0,8478720.0,1.0,1.0,8478720.0,0.29456812180190656,0.6057919496251156
8491008.0,1.0,1.0,8491008.0,1.0,1.0,8491008.0,2.6766701315840087,0.6061272878401489
8503296.0,1.0,1.0,8503296.0,1.0,1.0,8503296.0,0.06081081924882407,0.6117353416550404
8515584.0,1.0,1.0,8515584.0,1.0,1.0,8515584.0,0.00025975989463707566,0.3463956763287258
8527872.0,1.0,1.0,8527872.0,1.0,1.0,8527872.0,6.170565532611268e-08,0.3460817778847204
8540160.0,1.0,1.0,8540160.0,1.0,1.0,8540160.0,7.968548207855827e-09,0.3460636403055716
8552448.0,1.0,1.0,8552448.0,1.0,1.0,8552448.0,2.6721728295087814,0.613280851464334
8564736.0,1.0,1.0,8564736.0,1.0,1.0,8564736.0,0.004106654127099318,0.6136915157666876
8577024.0,1.0,1.0,8577024.0,1.0,1.0,8577024.0,1.054328432927529,0.7067171130679993
8589312.0,1.0,1.0,8589312.0,1.0,1.0,8589312.0,2.5174611123899617,0.9280377931156952
8601600.0,1.0,1.0,8601600.0,1.0,1.0,8601600.0,0.009597028724480575,0.8995406838079525
8613888.0,1.0,1.0,8613888.0,1.0,1.0,8613888.0,9.02989182568111e-06,0.6318745736387342
8626176.0,1.0,1.0,8626176.0,1.0,1.0,8626176.0,2.9446761103576097e-07,0.6257935211606129
8638464.0,1.0,1.0,8638464.0,1.0,1.0,8638464.0,0.14482220041099936,0.6402497652122492
8650752.0,1.0,1.0,8650752.0,1.0,1.0,8650752.0,0.741158926859498,0.7143656517276333
8663040.0,1.0,1.0,8663040.0,1.0,1.0,8663040.0,2.61207656810681,0.9755733077414597
8675328.0,1.0,1.0,8675328.0,1.0,1.0,8675328.0,0.0020386356657885094,0.7085598883571603
8687616.0,1.0,1.0,8687616.0,1.0,1.0,8687616.0,2.2835705193380513,0.9365062748782556
8699904.0,1.0,1.0,8699904.0,1.0,1.0,8699904.0,0.041374144377186894,0.8352108460232213
8712192.0,1.0,1.0,8712192.0,1.0,1.0,8712192.0,0.0004837960750592174,0.583513114391731
8724480.0,1.0,1.0,8724480.0,1.0,1.0,8724480.0,3.742860605152979e-06,0.5825537858053436
8736768.0,1.0,1.0,8736768.0,1.0,1.0,8736768.0,0.019627282725802313,0.5845156110887413
8749056.0,1.0,1.0,8749056.0,1.0,1.0,8749056.0,0.1812063552594433,0.6026362171679245
8761344.0,1.0,1.0,8761344.0,1.0,1.0,8761344.0,2.52982289219896,0.8411362863467204
8773632.0,1.0,1.0,8773632.0,1.0,1.0,8773632.0,5.615859772471292e-06,0.7670209552467478
8785920.0,1.0,1.0,8785920.0,1.0,1.0,8785920.0,2.6768210095663867,0.7734953993927055
8798208.0,1.0,1.0,8798208.0,1.0,1.0,8798208.0,0.0015775208224416322,0.773449287908371
8810496.0,1.0,1.0,8810496.0,1.0,1.0,8810496.0,6.546814079892253e-06,0.5450928906559737
8822784.0,1.0,1.0,8822784.0,1.0,1.0,8822784.0,1.4914639039585988,0.690101866614115
8835072.0,1.0,1.0,8835072.0,1.0,1.0,8835072.0,0.003082319308305159,0.6903617189374395
8847360.0,1.0,1.0,8847360.0,1.0,1.0,8847360.0,0.35877782370274264,0.7262391270216532
8859648.0,1.0,1.0,8859648.0,1.0,1.0,8859648.0,0.011301798207568936,0.7254065785698299
8871936.0,1.0,1.0,8871936.0,1.0,1.0,8871936.0,6.304811125031525e-07,0.7072860060919969
8884224.0,1.0,1.0,8884224.0,1.0,1.0,8884224.0,2.6301986748973527,0.7173235843618361
8896512.0,1.0,1.0,8896512.0,1.0,1.0,8896512.0,0.01915834652997243,0.7192388574288562
8908800.0,1.0,1.0,8908800.0,1.0,1.0,8908800.0,2.6041691390176616,0.7119736703739837
8921088.0,1.0,1.0,8921088.0,1.0,1.0,8921088.0,0.003404621351364767,0.712156380426876
8933376.0,1.0,1.0,8933376.0,1.0,1.0,8933376.0,0.18062480927134553,0.7302182066726025
8945664.0,1.0,1.0,8945664.0,1.0,1.0,8945664.0,0.0730214420473203,0.5883739604814746
8957952.0,1.0,1.0,8957952.0,1.0,1.0,8957952.0,0.0004106915674431851,0.5881067977073884
8970240.0,1.0,1.0,8970240.0,1.0,1.0,8970240.0,2.668491238107284,0.8190781391478426
8982528.0,1.0,1.0,8982528.0,1.0,1.0,8982528.0,0.05825909223252287,0.8237738685503381
8994816.0,1.0,1.0,8994816.0,1.0,1.0,8994816.0,0.00557745775343695,0.8243315512775705
9007104.0,1.0,1.0,9007104.0,1.0,1.0,9007104.0,0.1422732660236458,0.5755390103901997
9019392.0,1.0,1.0,9019392.0,1.0,1.0,9019392.0,9.765652051404079e-05,0.5736329413892539
9031680.0,1.0,1.0,9031680.0,1.0,1.0,9031680.0,2.6381607266763845,0.5770321001551262
9043968.0,1.0,1.0,9043968.0,1.0,1.0,9043968.0,0.001114010718993086,0.576803039091889
9056256.0,1.0,1.0,9056256.0,1.0,1.0,9056256.0,3.749801442154421e-05,0.5587443079661967
9068544.0,1.0,1.0,9068544.0,1.0,1.0,9068544.0,2.496272345383962,0.8010693982998609
9080832.0,1.0,1.0,9080832.0,1.0,1.0,9080832.0,0.0013288283031821873,0.8011612119734346
9093120.0,1.0,1.0,9093120.0,1.0,1.0,9093120.0,2.3243917090197406,0.7667512590646804
9105408.0,1.0,1.0,9105408.0,1.0,1.0,9105408.0,1.2625791275884998e-05,0.7609266124205557
9117696.0,1.0,1.0,9117696.0,1.0,1.0,9117696.0,4.239215221938745e-05,0.7603731058604339
9129984.0,1.0,1.0,9129984.0,1.0,1.0,9129984.0,2.444052363435427,0.9905510156016121
9142272.0,1.0,1.0,9142272.0,1.0,1.0,9142272.0,0.005563882941108507,0.9910976382436715
9154560.0,1.0,1.0,9154560.0,1.0,1.0,9154560.0,0.04677132136809329,0.7319586977128424
9166848.0,1.0,1.0,9166848.0,1.0,1.0,9166848.0,0.6110371751710773,0.7929510141580509
9179136.0,1.0,1.0,9179136.0,1.0,1.0,9179136.0,0.00010788643267763594,0.7929580529998763
9191424.0,1.0,1.0,9191424.0,1.0,1.0,9191424.0,2.1702994008859,0.76036075855007
9203712.0,1.0,1.0,9203712.0,1.0,1.0,9203712.0,0.01060499581702364,0.7612883753014542
9216000.0,1.0,1.0,9216000.0,1.0,1.0,9216000.0,2.71686685371364e-07,0.5288492315681489
9228288.0,1.0,1.0,9228288.0,1.0,1.0,9228288.0,2.614207642773787,0.7902687332664
9240576.0,1.0,1.0,9240576.0,1.0,1.0,9240576.0,0.013063564896583557,0.7915708505408363
9252864.0,1.0,1.0,9252864.0,1.0,1.0,9252864.0,0.15504126444769403,0.562669740642063
9265152.0,1.0,1.0,9265152.0,1.0,1.0,9265152.0,0.5377396636952957,0.6158873187174817
9277440.0,1.0,1.0,9277440.0,1.0,1.0,9277440.0,2.674427775045236,0.878652964085196
9289728.0,1.0,1.0,9289728.0,1.0,1.0,9289728.0,0.0005603082463494502,0.8176052773927232
9302016.0,1.0,1.0,9302016.0,1.0,1.0,9302016.0,5.849831997769191e-06,0.8175950737326554
9314304.0,1.0,1.0,9314304.0,1.0,1.0,9314304.0,2.1117492714495256e-06,0.6005653448189924
9326592.0,1.0,1.0,9326592.0,1.0,1.0,9326592.0,0.003534514175650353,0.5998582966548551
9338880.0,1.0,1.0,9338880.0,1.0,1.0,9338880.0,0.4888172907133897,0.6487399985575255
9351168.0,1.0,1.0,9351168.0,1.0,1.0,9351168.0,2.673646961649259,0.6546839304450728
9363456.0,1.0,1.0,9363456.0,1.0,1.0,9363456.0,0.002766457010390392,0.6536542196564534
9375744.0,1.0,1.0,9375744.0,1.0,1.0,9375744.0,0.0005948824685522899,0.6382095814585392
9388032.0,1.0,1.0,9388032.0,1.0,1.0,9388032.0,0.0001895839825465373,0.5844545734872643
9400320.0,1.0,1.0,9400320.0,1.0,1.0,9400320.0,1.163817285876334e-07,0.3170118076209136
9412608.0,1.0,1.0,9412608.0,1.0,1.0,9412608.0,2.627154178917408,0.5796711946880194
9424896.0,1.0,1.0,9424896.0,1.0,1.0,9424896.0,1.5767094654341538,0.737341556248235
9437184.0,1.0,1.0,9437184.0,1.0,1.0,9437184.0,0.000528045314240444,0.7373941496047319
9449472.0,1.0,1.0,9449472.0,1.0,1.0,9449472.0,0.02628896863704237,0.7396695950508712
9461760.0,1.0,1.0,9461760.0,1.0,1.0,9461760.0,0.12290999856001388,0.7030788658355336
9474048.0,1.0,1.0,9474048.0,1.0,1.0,9474048.0,0.002073046443911153,0.4359214743149987
9486336.0,1.0,1.0,9486336.0,1.0,1.0,9486336.0,7.412747118351604e-07,0.435644902741431
9498624.0,1.0,1.0,9498624.0,1.0,1.0,9498624.0,1.1930363571129496e-07,0.43558542642493914
9510912.0,1.0,1.0,9510912.0,1.0,1.0,9510912.0,2.6725295769671598,0.7028194257234006
9523200.0,1.0,1.0,9523200.0,1.0,1.0,9523200.0,0.2202761594671756,0.7248470300319452
9535488.0,1.0,1.0,9535488.0,1.0,1.0,9535488.0,2.274103910351793,0.6895420031753836
9547776.0,1.0,1.0,9547776.0,1.0,1.0,9547776.0,1.306572725996375,0.6625283292316059
9560064.0,1.0,1.0,9560064.0,1.0,1.0,9560064.0,0.0029329297685762867,0.6627688176770394
9572352.0,1.0,1.0,9572352.0,1.0,1.0,9572352.0,3.0728329889484485e-06,0.6601402280966341
9584640.0,1.0,1.0,9584640.0,1.0,1.0,9584640.0,5.845793742594492e-09,0.6478492288252121
9596928.0,1.0,1.0,9596928.0,1.0,1.0,9596928.0,2.463304778673366e-08,0.6476419266441258
9609216.0,1.0,1.0,9609216.0,1.0,1.0,9609216.0,2.645397413522005,0.9121815938688552
9621504.0,1.0,1.0,9621504.0,1.0,1.0,9621504.0,0.008923627603508066,0.9130739446988423
9633792.0,1.0,1.0,9633792.0,1.0,1.0,9633792.0,2.618908050159613,0.9077117920180877
9646080.0,1.0,1.0,9646080.0,1.0,1.0,9646080.0,0.001765518919758809,0.885860727963346
9658368.0,1.0,1.0,9658368.0,1.0,1.0,9658368.0,2.1637444446535406e-06,0.6584505533026112
9670656.0,1.0,1.0,9670656.0,1.0,1.0,9670656.0,3.492516657358872e-08,0.5277932841954904
9682944.0,1.0,1.0,9682944.0,1.0,1.0,9682944.0,8.880104995518528e-11,0.5274999912275128
9695232.0,1.0,1.0,9695232.0,1.0,1.0,9695232.0,2.560711874316136,0.7835708713758276
9707520.0,1.0,1.0,9707520.0,1.0,1.0,9707520.0,1.8152262270450592,0.965093493495754
9719808.0,1.0,1.0,9719808.0,1.0,1.0,9719808.0,0.20541436155326664,0.9856349271877759
9732096.0,1.0,1.0,9732096.0,1.0,1.0,9732096.0,0.06773492391221225,0.7278686782267967
9744384.0,1.0,1.0,9744384.0,1.0,1.0,9744384.0,0.0006361258134954065,0.7270399280477954
9756672.0,1.0,1.0,9756672.0,1.0,1.0,9756672.0,2.1854691271509332e-06,0.46514934157874677
9768960.0,1.0,1.0,9768960.0,1.0,1.0,9768960.0,1.2488962873128765e-08,0.4649727909356671
9781248.0,1.0,1.0,9781248.0,1.0,1.0,9781248.0,2.662946119904518,0.7312671865516744
9793536.0,1.0,1.0,9793536.0,1.0,1.0,9793536.0,0.0023687867427118667,0.731504061733429
9805824.0,1.0,1.0,9805824.0,1.0,1.0,9805824.0,1.0701044723391533,0.8385145089584644
9818112.0,1.0,1.0,9818112.0,1.0,1.0,9818112.0,1.3531106350322564,0.7177543850300763
9830400.0,1.0,1.0,9830400.0,1.0,1.0,9830400.0,0.003871522191426872,0.536618914544713
9842688.0,1.0,1.0,9842688.0,1.0,1.0,9842688.0,2.963051782008582e-06,0.5160777746945645
9854976.0,1.0,1.0,9854976.0,1.0,1.0,9854976.0,1.0617999854356519e-08,0.5093042833651433
9867264.0,1.0,1.0,9867264.0,1.0,1.0,9867264.0,1.422090549378178e-05,0.5092420928743433
9879552.0,1.0,1.0,9879552.0,1.0,1.0,9879552.0,2.661675869176785,0.7754094612451091
9891840.0,1.0,1.0,9891840.0,1.0,1.0,9891840.0,2.6321758180856705,1.0386270418047796
9904128.0,1.0,1.0,9904128.0,1.0,1.0,9904128.0,0.07323554222239181,0.7796559840365671
9916416.0,1.0,1.0,9916416.0,1.0,1.0,9916416.0,0.011586156804696657,0.7805777210427656
9928704.0,1.0,1.0,9928704.0,1.0,1.0,9928704.0,0.00014258822674643548,0.673581532631525
9940992.0,1.0,1.0,9940992.0,1.0,1.0,9940992.0,5.251056558464029e-07,0.5382705216388649
9953280.0,1.0,1.0,9953280.0,1.0,1.0,9953280.0,1.6952892966752102e-09,0.5378833695892511
9965568.0,1.0,1.0,9965568.0,1.0,1.0,9965568.0,2.6759665148953595,0.8054797247736089
9977856.0,1.0,1.0,9977856.0,1.0,1.0,9977856.0,0.0028285675349858743,0.8057625804653075
9990144.0,1.0,1.0,9990144.0,1.0,1.0,9990144.0,0.6906653037294745,0.8748276887477054
10002432.0,1.0,1.0,10002432.0,1.0,1.0,10002432.0,0.3688763603568077,0.6455477378657077
10014720.0,1.0,1.0,10014720.0,1.0,1.0,10014720.0,0.0018472348668486422,0.3825148795438256
10027008.0,1.0,1.0,10027008.0,1.0,1.0,10027008.0,5.530022460694302e-06,0.3751918783238325
10039296.0,1.0,1.0,10039296.0,1.0,1.0,10039296.0,5.366519417737692e-08,0.37403326800988224
10051584.0,1.0,1.0,10051584.0,1.0,1.0,10051584.0,9.361503180116415e-05,0.37402837069038775
10063872.0,1.0,1.0,10063872.0,1.0,1.0,10063872.0,2.606663204729557,0.6346946386527779
10076160.0,1.0,1.0,10076160.0,1.0,1.0,10076160.0,2.559733329961697,0.8906679714794187
10088448.0,1.0,1.0,10088448.0,1.0,1.0,10088448.0,1.9208449280510347,0.8151558127949862
10100736.0,1.0,1.0,10100736.0,1.0,1.0,10100736.0,0.00403892505952778,0.8152768485474402
10113024.0,1.0,1.0,10113024.0,1.0,1.0,10113024.0,2.0043624905004737e-05,0.7462123225369834
10125312.0,1.0,1.0,10125312.0,1.0,1.0,10125312.0,1.3343662753443711e-08,0.7093246878356689
10137600.0,1.0,1.0,10137600.0,1.0,1.0,10137600.0,5.549770424756925e-10,0.7091399644044818
10149888.0,1.0,1.0,10149888.0,1.0,1.0,10149888.0,2.496150235335032,0.9587544349357389
10162176.0,1.0,1.0,10162176.0,1.0,1.0,10162176.0,2.252565978715817,1.1840110274408011
10174464.0,1.0,1.0,10174464.0,1.0,1.0,10174464.0,0.5346625214442611,1.237467918082047
10186752.0,1.0,1.0,10186752.0,1.0,1.0,10186752.0,1.701595456028978,1.1469611432119893
10199040.0,1.0,1.0,10199040.0,1.0,1.0,10199040.0,0.0035616220981561733,0.8913439724256351
10211328.0,1.0,1.0,10211328.0,1.0,1.0,10211328.0,6.566351414457235e-08,0.699259486186883
10223616.0,1.0,1.0,10223616.0,1.0,1.0,10223616.0,6.136669119620001e-09,0.6988555942945972
10235904.0,1.0,1.0,10235904.0,1.0,1.0,10235904.0,2.628084676961104,0.9616620576282171
10248192.0,1.0,1.0,10248192.0,1.0,1.0,10248192.0,1.5554245319217443,1.1172045094860255
10260480.0,1.0,1.0,10260480.0,1.0,1.0,10260480.0,0.004142901563075914,1.1176187995868352
10272768.0,1.0,1.0,10272768.0,1.0,1.0,10272768.0,0.7685702238231897,0.944860798435651
10285056.0,1.0,1.0,10285056.0,1.0,1.0,10285056.0,1.3221709597855806,0.8518212965426273
10297344.0,1.0,1.0,10297344.0,1.0,1.0,10297344.0,0.0010121522642900043,0.7984562596246302
10309632.0,1.0,1.0,10309632.0,1.0,1.0,10309632.0,1.6105580589472385e-05,0.6282983245797913
10321920.0,1.0,1.0,10321920.0,1.0,1.0,10321920.0,0.4404910869585971,0.6719912710658354
10334208.0,1.0,1.0,10334208.0,1.0,1.0,10334208.0,2.6327453988293805,0.935265804382422
10346496.0,1.0,1.0,10346496.0,1.0,1.0,10346496.0,0.005868448381079361,0.935852648606863
10358784.0,1.0,1.0,10358784.0,1.0,1.0,10358784.0,3.07757547801657e-06,0.6730444886683005
10371072.0,1.0,1.0,10371072.0,1.0,1.0,10371072.0,2.2274898377557597,0.740251019251702
10383360.0,1.0,1.0,10383360.0,1.0,1.0,10383360.0,0.21509771522444984,0.7613465006178394
10395648.0,1.0,1.0,10395648.0,1.0,1.0,10395648.0,0.012891893561269777,0.6857786675916475
10407936.0,1.0,1.0,10407936.0,1.0,1.0,10407936.0,0.00040472740799183765,0.5536020443538886
10420224.0,1.0,1.0,10420224.0,1.0,1.0,10420224.0,2.6605543171366057,0.8195562608411201
10432512.0,1.0,1.0,10432512.0,1.0,1.0,10432512.0,0.010327300929930061,0.8205873803760543
10444800.0,1.0,1.0,10444800.0,1.0,1.0,10444800.0,4.796731383294173e-05,0.7765430684115777
10457088.0,1.0,1.0,10457088.0,1.0,1.0,10457088.0,6.021039875940086e-08,0.5132685345496796
10469376.0,1.0,1.0,10469376.0,1.0,1.0,10469376.0,1.8626642009864252,0.6989481098102142
10481664.0,1.0,1.0,10481664.0,1.0,1.0,10481664.0,1.4961230667928855,0.848560108731955
10493952.0,1.0,1.0,10493952.0,1.0,1.0,10493952.0,0.08478935695408533,0.6342900606517875
10506240.0,1.0,1.0,10506240.0,1.0,1.0,10506240.0,0.001130802538379309,0.6128933693831805
10518528.0,1.0,1.0,10518528.0,1.0,1.0,10518528.0,2.2557608547310033,0.8371802655001538
10530816.0,1.0,1.0,10530816.0,1.0,1.0,10530816.0,0.001333512160272221,0.8372731439753819
10543104.0,1.0,1.0,10543104.0,1.0,1.0,10543104.0,9.061957098784509e-06,0.5712186184574312
10555392.0,1.0,1.0,10555392.0,1.0,1.0,10555392.0,0.059660768000564225,0.5761519651644946
10567680.0,1.0,1.0,10567680.0,1.0,1.0,10567680.0,2.406203000495831,0.8167674684826943
10579968.0,1.0,1.0,10579968.0,1.0,1.0,10579968.0,2.669199368606011,1.0836873993222556
10592256.0,1.0,1.0,10592256.0,1.0,1.0,10592256.0,0.0007789878842838031,0.8974988780120414
10604544.0,1.0,1.0,10604544.0,1.0,1.0,10604544.0,0.07771092957894628,0.7556576642906475
10616832.0,1.0,1.0,10616832.0,1.0,1.0,10616832.0,0.22609387361444533,0.7697881159566834
10629120.0,1.0,1.0,10629120.0,1.0,1.0,10629120.0,0.0002733422939703208,0.7697023699322426
10641408.0,1.0,1.0,10641408.0,1.0,1.0,10641408.0,0.00013334089752940295,0.5441396185488953
10653696.0,1.0,1.0,10653696.0,1.0,1.0,10653696.0,2.643291359146436,0.8083354032475116
10665984.0,1.0,1.0,10665984.0,1.0,1.0,10665984.0,0.0020356842869659886,0.8085380654804982
10678272.0,1.0,1.0,10678272.0,1.0,1.0,10678272.0,1.352920023103555,0.9378639909907974
10690560.0,1.0,1.0,10690560.0,1.0,1.0,10690560.0,1.1250141623119514,0.8097451071724094
10702848.0,1.0,1.0,10702848.0,1.0,1.0,10702848.0,0.0029687217950898535,0.5431220424913172
10715136.0,1.0,1.0,10715136.0,1.0,1.0,10715136.0,1.7938559254010518,0.7224297362429941
10727424.0,1.0,1.0,10727424.0,1.0,1.0,10727424.0,0.001802341725730609,0.7148388774576725
10739712.0,1.0,1.0,10739712.0,1.0,1.0,10739712.0,4.917325002888144e-06,0.6922299818287284
10752000.0,1.0,1.0,10752000.0,1.0,1.0,10752000.0,2.641403716057539,0.9563430192050852
10764288.0,1.0,1.0,10764288.0,1.0,1.0,10764288.0,0.0064191680430667475,0.956971601919639
10776576.0,1.0,1.0,10776576.0,1.0,1.0,10776576.0,2.2293101605027914,0.9155734820552744
10788864.0,1.0,1.0,10788864.0,1.0,1.0,10788864.0,0.0026331297995056957,0.9156332266065285
10801152.0,1.0,1.0,10801152.0,1.0,1.0,10801152.0,0.002221803897555219,0.7805634046859284
10813440.0,1.0,1.0,10813440.0,1.0,1.0,10813440.0,0.34376629317800206,0.7024386177725336
10825728.0,1.0,1.0,10825728.0,1.0,1.0,10825728.0,0.001552099277129552,0.7022969555207375
10838016.0,1.0,1.0,10838016.0,1.0,1.0,10838016.0,8.165724691385398e-06,0.5229121795531014
10850304.0,1.0,1.0,10850304.0,1.0,1.0,10850304.0,2.6710263614853225,0.7898345815290606
10862592.0,1.0,1.0,10862592.0,1.0,1.0,10862592.0,0.9339006884644429,0.8832241586430045
10874880.0,1.0,1.0,10874880.0,1.0,1.0,10874880.0,0.0014620966170089862,0.6192299966989516
10887168.0,1.0,1.0,10887168.0,1.0,1.0,10887168.0,1.7095041419186902e-05,0.6185897893987867
10899456.0,1.0,1.0,10899456.0,1.0,1.0,10899456.0,1.4626245566954215,0.54192122901805
10911744.0,1.0,1.0,10911744.0,1.0,1.0,10911744.0,0.0001326846106242859,0.5416711844991616
10924032.0,1.0,1.0,10924032.0,1.0,1.0,10924032.0,5.4585213282128585e-05,0.5414544626307344
10936320.0,1.0,1.0,10936320.0,1.0,1.0,10936320.0,3.654551640567642e-07,0.5070778698584506
10948608.0,1.0,1.0,10948608.0,1.0,1.0,10948608.0,2.675856899470091,0.7745083498777467
10960896.0,1.0,1.0,10960896.0,1.0,1.0,10960896.0,0.018766057973455947,0.7763841391026232
10973184.0,1.0,1.0,10973184.0,1.0,1.0,10973184.0,0.0001772644548812726,0.5092992293995791
10985472.0,1.0,1.0,10985472.0,1.0,1.0,10985472.0,2.6125348061323166,0.6771626411663665
10997760.0,1.0,1.0,10997760.0,1.0,1.0,10997760.0,0.0004496778490950722,0.6770613992895751
11010048.0,1.0,1.0,11010048.0,1.0,1.0,11010048.0,2.6094358355580977e-07,0.6770597158797915
11022336.0,1.0,1.0,11022336.0,1.0,1.0,11022336.0,4.677654030782463e-08,0.5307972648879034
11034624.0,1.0,1.0,11034624.0,1.0,1.0,11034624.0,3.447508999758024e-07,0.5307840309019309
11046912.0,1.0,1.0,11046912.0,1.0,1.0,11046912.0,2.664673987776041,0.7972459711582068
11059200.0,1.0,1.0,11059200.0,1.0,1.0,11059200.0,0.0012547639331993803,0.7973714110060104
11071488.0,1.0,1.0,11071488.0,1.0,1.0,11071488.0,6.23734280604064e-05,0.5297919584018074
11083776.0,1.0,1.0,11083776.0,1.0,1.0,11083776.0,0.3811285390208165,0.5660282065065434
11096064.0,1.0,1.0,11096064.0,1.0,1.0,11096064.0,0.0010557191271800548,0.5661160519737733
11108352.0,1.0,1.0,11108352.0,1.0,1.0,11108352.0,7.09607749153444e-06,0.3048632809682908
11120640.0,1.0,1.0,11120640.0,1.0,1.0,11120640.0,2.1847063917205627e-08,0.3048183153680876
11132928.0,1.0,1.0,11132928.0,1.0,1.0,11132928.0,2.6783727457125983,0.5726555638449892
11145216.0,1.0,1.0,11145216.0,1.0,1.0,11145216.0,0.09495275281369686,0.5821508344487049
11157504.0,1.0,1.0,11157504.0,1.0,1.0,11157504.0,4.5681677931952436e-05,0.582155368141408
11169792.0,1.0,1.0,11169792.0,1.0,1.0,11169792.0,0.8664385887483755,0.40233182823864144
11182080.0,1.0,1.0,11182080.0,1.0,1.0,11182080.0,8.435220987242549e-05,0.4022147870663087
11194368.0,1.0,1.0,11194368.0,1.0,1.0,11194368.0,2.5441567269505565e-05,0.4022110938802297
11206656.0,1.0,1.0,11206656.0,1.0,1.0,11206656.0,2.2298320264309743e-07,0.36409826227646824
11218944.0,1.0,1.0,11218944.0,1.0,1.0,11218944.0,1.3703045051253563e-05,0.36399406066825535
11231232.0,1.0,1.0,11231232.0,1.0,1.0,11231232.0,2.676395999888579,0.6316329510493641
11243520.0,1.0,1.0,11243520.0,1.0,1.0,11243520.0,0.007684892312681768,0.6324014380959259
11255808.0,1.0,1.0,11255808.0,1.0,1.0,11255808.0,0.1161668785692503,0.37618085138159113
11268096.0,1.0,1.0,11268096.0,1.0,1.0,11268096.0,0.2872776083337764,0.39541333693359904
11280384.0,1.0,1.0,11280384.0,1.0,1.0,11280384.0,0.0012588131764156667,0.3955346500834474
11292672.0,1.0,1.0,11292672.0,1.0,1.0,11292672.0,3.010740279307811e-06,0.3088910922826378
11304960.0,1.0,1.0,11304960.0,1.0,1.0,11304960.0,1.4800679279391993e-08,0.3088826585417185
11317248.0,1.0,1.0,11317248.0,1.0,1.0,11317248.0,2.6786906657119594,0.5767491809561875
11329536.0,1.0,1.0,11329536.0,1.0,1.0,11329536.0,0.0077745099139671465,0.577526609649264
11341824.0,1.0,1.0,11341824.0,1.0,1.0,11341824.0,0.009241014389165988,0.5784493407836754
11354112.0,1.0,1.0,11354112.0,1.0,1.0,11354112.0,2.542832468946775,0.565092987689495
11366400.0,1.0,1.0,11366400.0,1.0,1.0,11366400.0,0.0002265299003738619,0.5643471514482642
11378688.0,1.0,1.0,11378688.0,1.0,1.0,11378688.0,1.0356590564697399e-05,0.5527314992503957
11390976.0,1.0,1.0,11390976.0,1.0,1.0,11390976.0,4.24480280554936e-09,0.5240037388414983
11403264.0,1.0,1.0,11403264.0,1.0,1.0,11403264.0,0.0019727347844309406,0.5240751310022997
11415552.0,1.0,1.0,11415552.0,1.0,1.0,11415552.0,2.647186348835627,0.7887934648118347
11427840.0,1.0,1.0,11427840.0,1.0,1.0,11427840.0,0.00028387601431253035,0.7888218509331979
11440128.0,1.0,1.0,11440128.0,1.0,1.0,11440128.0,0.3511082854432364,0.5560636129063256
11452416.0,1.0,1.0,11452416.0,1.0,1.0,11452416.0,0.03261224465677515,0.5585473863806064
11464704.0,1.0,1.0,11464704.0,1.0,1.0,11464704.0,0.014836955330489824,0.5591069804747388
11476992.0,1.0,1.0,11476992.0,1.0,1.0,11476992.0,1.0760095851954551e-05,0.30482480958964653
11489280.0,1.0,1.0,11489280.0,1.0,1.0,11489280.0,0.0547812080442327,0.3102802774040324
11501568.0,1.0,1.0,11501568.0,1.0,1.0,11501568.0,2.4997329426308474,0.5602525360080607
11513856.0,1.0,1.0,11513856.0,1.0,1.0,11513856.0,2.2088366275032363,0.781136198333904
11526144.0,1.0,1.0,11526144.0,1.0,1.0,11526144.0,0.010081150287684673,0.7819470398842294
11538432.0,1.0,1.0,11538432.0,1.0,1.0,11538432.0,2.4887659773230553,0.7661050027329722
11550720.0,1.0,1.0,11550720.0,1.0,1.0,11550720.0,0.12382258024687569,0.7784588731562285
11563008.0,1.0,1.0,11563008.0,1.0,1.0,11563008.0,0.00015956615955777428,0.7433640012278607
11575296.0,1.0,1.0,11575296.0,1.0,1.0,11575296.0,8.08904143963692e-07,0.7401028576525974
11587584.0,1.0,1.0,11587584.0,1.0,1.0,11587584.0,2.6424637275437513,1.0028655348739235
11599872.0,1.0,1.0,11599872.0,1.0,1.0,11599872.0,0.004147506968971963,1.0032792095612355
11612160.0,1.0,1.0,11612160.0,1.0,1.0,11612160.0,1.0402170376231272,1.101822792519125
11624448.0,1.0,1.0,11624448.0,1.0,1.0,11624448.0,2.4551186288396516,1.0973613611400055
11636736.0,1.0,1.0,11636736.0,1.0,1.0,11636736.0,0.16280173455985883,0.8927578718456678
11649024.0,1.0,1.0,11649024.0,1.0,1.0,11649024.0,2.629629440775716e-05,0.8917523864463399
11661312.0,1.0,1.0,11661312.0,1.0,1.0,11661312.0,3.0584773919410204e-06,0.6428760945617739
11673600.0,1.0,1.0,11673600.0,1.0,1.0,11673600.0,2.5978552947441735,0.8902793660115036
11685888.0,1.0,1.0,11685888.0,1.0,1.0,11685888.0,0.0016403618380233336,0.8904274455793499
11698176.0,1.0,1.0,11698176.0,1.0,1.0,11698176.0,2.2102221281578145,1.111449577504717
11710464.0,1.0,1.0,11710464.0,1.0,1.0,11710464.0,0.0021011963405423253,0.8474133243843962
11722752.0,1.0,1.0,11722752.0,1.0,1.0,11722752.0,1.931765289356311,1.0401751026231303
11735040.0,1.0,1.0,11735040.0,1.0,1.0,11735040.0,2.8850969755467304e-05,0.936156283957793
11747328.0,1.0,1.0,11747328.0,1.0,1.0,11747328.0,3.055275368524235e-05,0.6906474763491964
11759616.0,1.0,1.0,11759616.0,1.0,1.0,11759616.0,1.8493391368538141,0.8593012165785918
11771904.0,1.0,1.0,11771904.0,1.0,1.0,11771904.0,0.00043310649455937283,0.859341897598607
11784192.0,1.0,1.0,11784192.0,1.0,1.0,11784192.0,0.006280755243399956,0.859969667275208
11796480.0,1.0,1.0,11796480.0,1.0,1.0,11796480.0,1.480539595708251,0.7482380973716156
11808768.0,1.0,1.0,11808768.0,1.0,1.0,11808768.0,2.6179622945686183,1.0098702906446753
11821056.0,1.0,1.0,11821056.0,1.0,1.0,11821056.0,0.07523386890534312,0.796371464719428
11833344.0,1.0,1.0,11833344.0,1.0,1.0,11833344.0,0.0001097066930242363,0.7961723157546763
11845632.0,1.0,1.0,11845632.0,1.0,1.0,11845632.0,2.304530182853341,0.8334488051043791
11857920.0,1.0,1.0,11857920.0,1.0,1.0,11857920.0,0.0012371011607683613,0.8335696301234805
11870208.0,1.0,1.0,11870208.0,1.0,1.0,11870208.0,4.059076794267943e-05,0.8335706339249063
11882496.0,1.0,1.0,11882496.0,1.0,1.0,11882496.0,2.3984505447248616,0.888481774712011
11894784.0,1.0,1.0,11894784.0,1.0,1.0,11894784.0,2.1959873692442975,1.1080372009869848
11907072.0,1.0,1.0,11907072.0,1.0,1.0,11907072.0,0.059670716077865414,1.1133761970704315
11919360.0,1.0,1.0,11919360.0,1.0,1.0,11919360.0,0.0020585225417259303,0.9655280897537789
11931648.0,1.0,1.0,11931648.0,1.0,1.0,11931648.0,2.61141291881601,0.964873152178518
11943936.0,1.0,1.0,11943936.0,1.0,1.0,11943936.0,0.0006843502763634509,0.9574182003156201
11956224.0,1.0,1.0,11956224.0,1.0,1.0,11956224.0,1.945088593420981e-05,0.9574091747349112
11968512.0,1.0,1.0,11968512.0,1.0,1.0,11968512.0,2.022924559811751,0.929248612430752
11980800.0,1.0,1.0,11980800.0,1.0,1.0,11980800.0,0.16367675069098672,0.9454925773837738
11993088.0,1.0,1.0,11993088.0,1.0,1.0,11993088.0,2.2357092710832753,1.1690594454153072
12005376.0,1.0,1.0,12005376.0,1.0,1.0,12005376.0,0.00652225106023252,0.9298666160488441
12017664.0,1.0,1.0,12017664.0,1.0,1.0,12017664.0,9.494005231166132e-05,0.7102773731296457
12029952.0,1.0,1.0,12029952.0,1.0,1.0,12029952.0,0.00991863499560471,0.7053021650214195
12042240.0,1.0,1.0,12042240.0,1.0,1.0,12042240.0,0.011511446122312918,0.7062474573794784
12054528.0,1.0,1.0,12054528.0,1.0,1.0,12054528.0,2.668354050566753,0.7119415705545526
12066816.0,1.0,1.0,12066816.0,1.0,1.0,12066816.0,0.029583225880439084,0.7148314581149602
12079104.0,1.0,1.0,12079104.0,1.0,1.0,12079104.0,0.1017297951426978,0.7250024925406364
12091392.0,1.0,1.0,12091392.0,1.0,1.0,12091392.0,0.6355730534220735,0.5862673419016688
12103680.0,1.0,1.0,12103680.0,1.0,1.0,12103680.0,0.0223523792422687,0.572134904756797
12115968.0,1.0,1.0,12115968.0,1.0,1.0,12115968.0,2.6541898722449937,0.6139829648729688
12128256.0,1.0,1.0,12128256.0,1.0,1.0,12128256.0,0.003074529983374911,0.613638192765283
12140544.0,1.0,1.0,12140544.0,1.0,1.0,12140544.0,5.013014617816225e-05,0.6136337117746696
12152832.0,1.0,1.0,12152832.0,1.0,1.0,12152832.0,1.47748096100986,0.7603899443760952
12165120.0,1.0,1.0,12165120.0,1.0,1.0,12165120.0,0.19298909752008817,0.7785377095158726
12177408.0,1.0,1.0,12177408.0,1.0,1.0,12177408.0,0.014178424418787472,0.5131201469010761
12189696.0,1.0,1.0,12189696.0,1.0,1.0,12189696.0,0.8072056317081054,0.5908823874838427
12201984.0,1.0,1.0,12201984.0,1.0,1.0,12201984.0,0.004328723663396279,0.5811422803359125
12214272.0,1.0,1.0,12214272.0,1.0,1.0,12214272.0,2.093292356158296,0.7269142106095348
12226560.0,1.0,1.0,12226560.0,1.0,1.0,12226560.0,0.00869675079350903,0.7255486477646589
12238848.0,1.0,1.0,12238848.0,1.0,1.0,12238848.0,0.04556504937742526,0.46468616547790215
12251136.0,1.0,1.0,12251136.0,1.0,1.0,12251136.0,2.6290499940514565,0.7272837118847103
12263424.0,1.0,1.0,12263424.0,1.0,1.0,12263424.0,0.0037428096341803516,0.7276529798335104
12275712.0,1.0,1.0,12275712.0,1.0,1.0,12275712.0,2.4801829208930335,0.8279231758218277
12288000.0,1.0,1.0,12288000.0,1.0,1.0,12288000.0,0.045354298587578036,0.8131596959285767
